date,timestamp,SP_open,SP_close,SP_high,SP_low,SP_vol,spot_exchange,spot_symbol
2022-09-16,1663286400,19701.88,19803.3,19890.0,19320.01,5584012914.1139,Binance,BTCUSDT
2022-09-17,1663372800,19803.3,20113.62,20189.0,19748.08,3578667842.6953,Binance,BTCUSDT
2022-09-18,1663459200,20112.61,19416.18,20117.26,19335.62,5033968947.5306,Binance,BTCUSDT
2022-09-19,1663545600,19417.45,19537.02,19686.2,18232.56,7215196795.6561,Binance,BTCUSDT
2022-09-20,1663632000,19537.02,18875.0,19634.62,18711.87,6206043205.4123,Binance,BTCUSDT
2022-09-21,1663718400,18874.31,18461.36,19956.0,18125.98,7338667639.752,Binance,BTCUSDT
2022-09-22,1663804800,18461.36,19401.63,19550.17,18356.39,7203741481.4836,Binance,BTCUSDT
2022-09-23,1663891200,19401.63,19289.91,19500.0,18531.42,7330336009.191,Binance,BTCUSDT
2022-09-24,1663977600,19288.57,18920.5,19316.14,18805.34,4568927983.6508,Binance,BTCUSDT
2022-09-25,1664064000,18921.99,18807.38,19180.21,18629.2,3625136713.9247,Binance,BTCUSDT
2022-09-26,1664150400,18809.13,19227.82,19318.96,18680.72,8356951609.9987,Binance,BTCUSDT
2022-09-27,1664236800,19226.68,19079.13,20385.86,18816.32,11705770260.6722,Binance,BTCUSDT
2022-09-28,1664323200,19078.1,19412.82,19790.0,18471.28,9964460007.3044,Binance,BTCUSDT
2022-09-29,1664409600,19412.82,19591.51,19645.52,18843.01,7868786414.8562,Binance,BTCUSDT
2022-09-30,1664496000,19590.54,19422.61,20185.0,19155.36,8694127253.5766,Binance,BTCUSDT
2022-10-01,1664582400,19422.61,19310.95,19484.0,19159.42,3200350294.5269,Binance,BTCUSDT
2022-10-02,1664668800,19312.24,19056.8,19395.91,18920.35,3970724799.9558,Binance,BTCUSDT
2022-10-03,1664755200,19057.74,19629.08,19719.1,18959.68,5672105805.7721,Binance,BTCUSDT
2022-10-04,1664841600,19629.08,20337.82,20475.0,19490.6,6533428229.8511,Binance,BTCUSDT
2022-10-05,1664928000,20337.82,20158.26,20365.6,19730.0,6275437160.9581,Binance,BTCUSDT
2022-10-06,1665014400,20158.26,19960.67,20456.6,19853.0,6452892402.3243,Binance,BTCUSDT
2022-10-07,1665100800,19960.67,19530.09,20068.82,19320.0,4353681483.987,Binance,BTCUSDT
2022-10-08,1665187200,19530.09,19417.96,19627.38,19237.14,1995917001.7396,Binance,BTCUSDT
2022-10-09,1665273600,19416.52,19439.02,19558.0,19316.04,2215007204.238,Binance,BTCUSDT
2022-10-10,1665360000,19439.96,19131.87,19525.0,19020.25,4101745483.1295,Binance,BTCUSDT
2022-10-11,1665446400,19131.87,19060.0,19268.09,18860.0,4642843395.6003,Binance,BTCUSDT
2022-10-12,1665532800,19060.0,19155.53,19238.31,18965.88,4086903621.9266,Binance,BTCUSDT
2022-10-13,1665619200,19155.1,19375.13,19513.79,18190.0,7554309475.308,Binance,BTCUSDT
2022-10-14,1665705600,19375.58,19176.93,19951.87,19070.37,6877621835.2258,Binance,BTCUSDT
2022-10-15,1665792000,19176.93,19069.39,19227.68,18975.18,2178316065.6222,Binance,BTCUSDT
2022-10-16,1665878400,19068.4,19262.98,19425.84,19063.74,2531545363.3077,Binance,BTCUSDT
2022-10-17,1665964800,19262.98,19549.86,19676.96,19152.03,4331666395.6047,Binance,BTCUSDT
2022-10-18,1666051200,19548.48,19327.44,19706.66,19091.0,5065944973.4643,Binance,BTCUSDT
2022-10-19,1666137600,19327.44,19123.97,19360.16,19065.97,3575041318.4498,Binance,BTCUSDT
2022-10-20,1666224000,19123.35,19041.92,19347.82,18900.0,4276025723.9948,Binance,BTCUSDT
2022-10-21,1666310400,19041.92,19164.37,19250.0,18650.0,5126619487.869,Binance,BTCUSDT
2022-10-22,1666396800,19164.37,19204.35,19257.0,19112.72,2117395641.1269,Binance,BTCUSDT
2022-10-23,1666483200,19204.29,19570.4,19695.0,19070.11,3233393909.201,Binance,BTCUSDT
2022-10-24,1666569600,19570.4,19329.72,19601.15,19157.0,4957159176.8168,Binance,BTCUSDT
2022-10-25,1666656000,19330.6,20080.07,20415.87,19237.0,6454151276.5201,Binance,BTCUSDT
2022-10-26,1666742400,20079.02,20771.59,21020.0,20050.41,7833551674.4857,Binance,BTCUSDT
2022-10-27,1666828800,20771.61,20295.11,20872.21,20200.0,6771209922.0119,Binance,BTCUSDT
2022-10-28,1666915200,20295.11,20591.84,20750.0,20000.09,5849603405.6826,Binance,BTCUSDT
2022-10-29,1667001600,20591.84,20809.67,21085.0,20554.01,5303038321.4575,Binance,BTCUSDT
2022-10-30,1667088000,20809.68,20627.48,20931.21,20515.0,3994389493.3259,Binance,BTCUSDT
2022-10-31,1667174400,20627.48,20490.74,20845.92,20237.95,6226304300.4439,Binance,BTCUSDT
2022-11-01,1667260800,20490.74,20483.62,20700.0,20330.74,5740102554.9208,Binance,BTCUSDT
2022-11-02,1667347200,20482.81,20151.84,20800.0,20048.04,7633404092.4307,Binance,BTCUSDT
2022-11-03,1667433600,20151.84,20207.82,20393.32,20031.24,6461673165.2396,Binance,BTCUSDT
2022-11-04,1667520000,20207.12,21148.52,21302.05,20180.96,9409862204.9869,Binance,BTCUSDT
2022-11-05,1667606400,21148.52,21299.37,21480.65,21080.65,5240395528.9082,Binance,BTCUSDT
2022-11-06,1667692800,21299.37,20905.58,21365.27,20886.13,4877535058.4127,Binance,BTCUSDT
2022-11-07,1667779200,20905.58,20591.13,21069.77,20384.89,8035052131.5935,Binance,BTCUSDT
2022-11-08,1667865600,20590.67,18547.23,20700.88,17166.83,14758384309.8542,Binance,BTCUSDT
2022-11-09,1667952000,18545.38,15922.81,18587.76,15588.0,12737719697.394,Binance,BTCUSDT
2022-11-10,1668038400,15922.68,17601.15,18199.0,15754.26,10323294543.8804,Binance,BTCUSDT
2022-11-11,1668124800,17602.45,17070.31,17695.0,16361.6,6725273822.8378,Binance,BTCUSDT
2022-11-12,1668211200,17069.98,16812.08,17119.1,16631.39,2827930561.0064,Binance,BTCUSDT
2022-11-13,1668297600,16813.16,16329.85,16954.28,16229.0,3074280132.0535,Binance,BTCUSDT
2022-11-14,1668384000,16331.78,16619.46,17190.0,15815.21,6273920325.3368,Binance,BTCUSDT
2022-11-15,1668470400,16617.72,16900.57,17134.69,16527.72,4758545355.7868,Binance,BTCUSDT
2022-11-16,1668556800,16900.57,16662.76,17015.92,16378.61,4362538338.5653,Binance,BTCUSDT
2022-11-17,1668643200,16661.61,16692.56,16751.0,16410.74,3785204632.0142,Binance,BTCUSDT
2022-11-18,1668729600,16692.56,16700.45,17011.0,16546.04,3588467560.3731,Binance,BTCUSDT
2022-11-19,1668816000,16699.43,16700.68,16822.41,16553.53,1747627888.1295,Binance,BTCUSDT
2022-11-20,1668902400,16700.68,16280.23,16753.33,16180.0,2561165772.4957,Binance,BTCUSDT
2022-11-21,1668988800,16279.5,15781.29,16319.0,15476.0,5188798317.0042,Binance,BTCUSDT
2022-11-22,1669075200,15781.29,16226.94,16315.0,15616.63,3823612603.803,Binance,BTCUSDT
2022-11-23,1669161600,16227.96,16603.11,16706.0,16160.2,4368042618.5003,Binance,BTCUSDT
2022-11-24,1669248000,16603.11,16598.95,16812.63,16458.05,3431724405.6548,Binance,BTCUSDT
2022-11-25,1669334400,16599.55,16522.14,16666.0,16342.81,3003553172.2295,Binance,BTCUSDT
2022-11-26,1669420800,16521.35,16458.57,16701.99,16385.0,3011990387.6474,Binance,BTCUSDT
2022-11-27,1669507200,16457.61,16428.78,16600.0,16401.0,2679048565.5213,Binance,BTCUSDT
2022-11-28,1669593600,16428.77,16212.91,16487.04,15995.27,4096398587.3573,Binance,BTCUSDT
2022-11-29,1669680000,16212.18,16442.53,16548.71,16100.0,4072651066.9994,Binance,BTCUSDT
2022-11-30,1669766400,16442.91,17163.64,17249.0,16428.3,5123595199.5053,Binance,BTCUSDT
2022-12-01,1669852800,17165.53,16977.37,17324.0,16855.01,3972607179.8686,Binance,BTCUSDT
2022-12-02,1669939200,16978.0,17092.74,17105.73,16787.85,3432385161.6603,Binance,BTCUSDT
2022-12-03,1670025600,17092.13,16885.2,17188.98,16858.74,2622504252.8665,Binance,BTCUSDT
2022-12-04,1670112000,16885.2,17105.7,17202.84,16878.25,3040020095.0512,Binance,BTCUSDT
2022-12-05,1670198400,17106.65,16966.35,17424.25,16867.0,4015334796.6037,Binance,BTCUSDT
2022-12-06,1670284800,16966.35,17088.96,17107.01,16906.37,3717926010.3406,Binance,BTCUSDT
2022-12-07,1670371200,17088.96,16836.64,17142.21,16678.83,3723206794.3055,Binance,BTCUSDT
2022-12-08,1670457600,16836.64,17224.1,17299.0,16733.49,4009427525.0304,Binance,BTCUSDT
2022-12-09,1670544000,17224.1,17128.56,17360.0,17058.21,4097973425.6974,Binance,BTCUSDT
2022-12-10,1670630400,17128.56,17127.49,17227.72,17092.0,2411933258.8486,Binance,BTCUSDT
2022-12-11,1670716800,17127.49,17085.05,17270.99,17071.0,2663686104.0826,Binance,BTCUSDT
2022-12-12,1670803200,17085.05,17209.83,17241.89,16871.85,3844787581.4819,Binance,BTCUSDT
2022-12-13,1670889600,17208.93,17774.7,18000.0,17080.14,4983896040.379,Binance,BTCUSDT
2022-12-14,1670976000,17775.82,17803.15,18387.95,17660.94,4779915721.4845,Binance,BTCUSDT
2022-12-15,1671062400,17804.01,17356.34,17854.82,17275.51,3923378677.8337,Binance,BTCUSDT
2022-09-16,1663286400,1472.76,1433.9,1483.35,1405.52,1006033555.1975,Binance,ETHUSDT
2022-09-17,1663372800,1433.9,1468.83,1476.13,1409.12,608805593.7143,Binance,ETHUSDT
2022-09-18,1663459200,1468.82,1334.51,1469.63,1325.55,1118416540.5607,Binance,ETHUSDT
2022-09-19,1663545600,1334.51,1375.98,1393.35,1280.0,1293086590.9414,Binance,ETHUSDT
2022-09-20,1663632000,1375.98,1322.93,1384.78,1312.71,889324871.2362,Binance,ETHUSDT
2022-09-21,1663718400,1322.94,1245.78,1408.9,1220.0,1582450799.9375,Binance,ETHUSDT
2022-09-22,1663804800,1245.79,1326.46,1350.08,1237.32,1165151398.8301,Binance,ETHUSDT
2022-09-23,1663891200,1326.47,1327.25,1360.0,1262.15,1273403019.6925,Binance,ETHUSDT
2022-09-24,1663977600,1327.24,1317.13,1349.33,1306.52,687931980.0086,Binance,ETHUSDT
2022-09-25,1664064000,1317.13,1294.63,1337.0,1269.27,674560079.1823,Binance,ETHUSDT
2022-09-26,1664150400,1294.62,1336.17,1340.42,1277.85,1048795559.3589,Binance,ETHUSDT
2022-09-27,1664236800,1336.17,1328.02,1400.0,1303.75,1170630640.6266,Binance,ETHUSDT
2022-09-28,1664323200,1328.01,1337.2,1355.7,1253.2,1199743172.3853,Binance,ETHUSDT
2022-09-29,1664409600,1337.2,1335.7,1352.02,1288.52,1022673511.0867,Binance,ETHUSDT
2022-09-30,1664496000,1335.69,1328.72,1373.19,1313.35,991505362.2653,Binance,ETHUSDT
2022-10-01,1664582400,1328.71,1311.79,1333.69,1302.68,332930112.0254,Binance,ETHUSDT
2022-10-02,1664668800,1311.79,1276.72,1317.93,1270.0,482595051.2817,Binance,ETHUSDT
2022-10-03,1664755200,1276.72,1323.09,1329.9,1263.04,631178676.5356,Binance,ETHUSDT
2022-10-04,1664841600,1323.1,1361.49,1369.55,1318.66,641511283.3983,Binance,ETHUSDT
2022-10-05,1664928000,1361.5,1352.2,1364.77,1316.29,649745323.3681,Binance,ETHUSDT
2022-10-06,1665014400,1352.2,1352.06,1383.99,1345.01,783638743.1557,Binance,ETHUSDT
2022-10-07,1665100800,1352.07,1331.1,1361.75,1317.26,659508723.3541,Binance,ETHUSDT
2022-10-08,1665187200,1331.1,1315.48,1337.35,1303.51,269448439.3393,Binance,ETHUSDT
2022-10-09,1665273600,1315.48,1323.13,1329.0,1307.26,245547831.3205,Binance,ETHUSDT
2022-10-10,1665360000,1323.13,1290.03,1338.0,1288.0,515800751.3384,Binance,ETHUSDT
2022-10-11,1665446400,1290.03,1280.11,1298.0,1267.01,550448836.8093,Binance,ETHUSDT
2022-10-12,1665532800,1280.11,1294.44,1306.87,1275.25,478797824.542,Binance,ETHUSDT
2022-10-13,1665619200,1294.44,1287.08,1301.58,1190.0,1183462907.9301,Binance,ETHUSDT
2022-10-14,1665705600,1287.08,1296.27,1343.12,1283.39,883059208.7145,Binance,ETHUSDT
2022-10-15,1665792000,1296.26,1274.92,1301.69,1263.64,368914560.6582,Binance,ETHUSDT
2022-10-16,1665878400,1274.93,1305.95,1315.35,1274.67,379290237.6395,Binance,ETHUSDT
2022-10-17,1665964800,1305.96,1331.4,1338.57,1295.64,606979972.119,Binance,ETHUSDT
2022-10-18,1666051200,1331.39,1310.71,1341.73,1286.72,755297911.2919,Binance,ETHUSDT
2022-10-19,1666137600,1310.71,1285.09,1313.5,1280.31,478516630.187,Binance,ETHUSDT
2022-10-20,1666224000,1285.09,1282.57,1310.87,1270.36,552593958.2127,Binance,ETHUSDT
2022-10-21,1666310400,1282.57,1299.75,1306.97,1252.65,600999941.1065,Binance,ETHUSDT
2022-10-22,1666396800,1299.76,1313.61,1320.2,1294.32,290111447.6281,Binance,ETHUSDT
2022-10-23,1666483200,1313.62,1364.2,1371.55,1299.44,576212623.6003,Binance,ETHUSDT
2022-10-24,1666569600,1364.19,1343.61,1370.6,1324.17,822740466.6734,Binance,ETHUSDT
2022-10-25,1666656000,1343.61,1459.74,1525.16,1334.94,1612140846.3052,Binance,ETHUSDT
2022-10-26,1666742400,1459.74,1566.1,1594.99,1457.44,1896388070.2498,Binance,ETHUSDT
2022-10-27,1666828800,1566.11,1514.05,1578.58,1503.2,1345399838.0373,Binance,ETHUSDT
2022-10-28,1666915200,1514.04,1554.41,1574.9,1479.82,1309517416.2411,Binance,ETHUSDT
2022-10-29,1667001600,1554.4,1619.55,1663.06,1547.66,1477815830.6392,Binance,ETHUSDT
2022-10-30,1667088000,1619.55,1590.44,1640.06,1576.56,762732547.0916,Binance,ETHUSDT
2022-10-31,1667174400,1590.45,1572.69,1635.8,1545.43,1283098004.7657,Binance,ETHUSDT
2022-11-01,1667260800,1572.69,1578.48,1612.92,1563.69,836251567.4246,Binance,ETHUSDT
2022-11-02,1667347200,1578.47,1518.34,1621.68,1502.32,1534786415.4392,Binance,ETHUSDT
2022-11-03,1667433600,1518.33,1531.01,1559.01,1515.17,863253444.7668,Binance,ETHUSDT
2022-11-04,1667520000,1531.01,1644.78,1680.0,1528.4,1503427052.7208,Binance,ETHUSDT
2022-11-05,1667606400,1644.78,1626.98,1666.97,1621.42,577061606.7337,Binance,ETHUSDT
2022-11-06,1667692800,1626.98,1568.29,1639.02,1564.39,668569491.5775,Binance,ETHUSDT
2022-11-07,1667779200,1568.25,1568.1,1608.04,1545.03,1013046543.9804,Binance,ETHUSDT
2022-11-08,1667865600,1568.09,1334.77,1579.98,1233.0,3356475001.5459,Binance,ETHUSDT
2022-11-09,1667952000,1334.78,1102.73,1337.16,1073.53,3021176147.3962,Binance,ETHUSDT
2022-11-10,1668038400,1102.73,1299.28,1350.0,1085.93,2443394252.5304,Binance,ETHUSDT
2022-11-11,1668124800,1299.28,1289.28,1310.0,1201.26,1652414528.5209,Binance,ETHUSDT
2022-11-12,1668211200,1289.35,1257.25,1292.16,1238.7,693031301.5989,Binance,ETHUSDT
2022-11-13,1668297600,1257.25,1221.49,1274.23,1200.66,676891239.2442,Binance,ETHUSDT
2022-11-14,1668384000,1221.5,1243.28,1291.2,1171.13,1152982945.602,Binance,ETHUSDT
2022-11-15,1668470400,1243.29,1253.23,1291.0,1234.01,798023541.2081,Binance,ETHUSDT
2022-11-16,1668556800,1253.22,1216.17,1268.67,1187.06,826025937.8363,Binance,ETHUSDT
2022-11-17,1668643200,1216.16,1200.43,1228.22,1181.05,638342419.8559,Binance,ETHUSDT
2022-11-18,1668729600,1200.42,1212.58,1234.0,1199.18,437658373.6744,Binance,ETHUSDT
2022-11-19,1668816000,1212.58,1217.67,1235.0,1197.67,254211466.1516,Binance,ETHUSDT
2022-11-20,1668902400,1217.67,1142.21,1227.07,1132.65,625008081.7991,Binance,ETHUSDT
2022-11-21,1668988800,1142.21,1107.34,1146.99,1079.76,1031424505.4983,Binance,ETHUSDT
2022-11-22,1669075200,1107.34,1139.6,1146.13,1075.0,831782462.6965,Binance,ETHUSDT
2022-11-23,1669161600,1139.59,1184.52,1190.0,1127.75,741271142.4301,Binance,ETHUSDT
2022-11-24,1669248000,1184.52,1203.73,1217.71,1180.6,583303022.4236,Binance,ETHUSDT
2022-11-25,1669334400,1203.72,1199.3,1207.77,1171.2,465159072.7573,Binance,ETHUSDT
2022-11-26,1669420800,1199.29,1205.6,1235.66,1196.2,461938380.0042,Binance,ETHUSDT
2022-11-27,1669507200,1205.61,1193.88,1223.33,1188.65,347218857.868,Binance,ETHUSDT
2022-11-28,1669593600,1193.88,1167.77,1199.25,1151.02,560568777.5603,Binance,ETHUSDT
2022-11-29,1669680000,1167.77,1216.49,1228.37,1158.27,617963786.6019,Binance,ETHUSDT
2022-11-30,1669766400,1216.49,1294.46,1309.77,1212.5,1038748742.5038,Binance,ETHUSDT
2022-12-01,1669852800,1294.46,1276.41,1299.9,1262.77,550769676.0441,Binance,ETHUSDT
2022-12-02,1669939200,1276.4,1295.59,1297.18,1265.24,475691291.4551,Binance,ETHUSDT
2022-12-03,1670025600,1295.58,1240.51,1309.0,1236.26,441457418.3319,Binance,ETHUSDT
2022-12-04,1670112000,1240.5,1279.41,1287.19,1240.1,409404653.0485,Binance,ETHUSDT
2022-12-05,1670198400,1279.4,1259.41,1305.11,1246.61,501560285.6995,Binance,ETHUSDT
2022-12-06,1670284800,1259.41,1271.32,1274.76,1241.56,379095106.3553,Binance,ETHUSDT
2022-12-07,1670371200,1271.31,1231.18,1278.69,1218.01,492706380.5267,Binance,ETHUSDT
2022-12-08,1670457600,1231.18,1280.18,1292.58,1222.01,509776313.4238,Binance,ETHUSDT
2022-12-09,1670544000,1280.18,1263.1,1296.64,1250.0,518804946.7715,Binance,ETHUSDT
2022-12-10,1670630400,1263.11,1266.35,1283.61,1259.6,231301933.5902,Binance,ETHUSDT
2022-12-11,1670716800,1266.35,1263.01,1284.75,1255.85,229443304.733,Binance,ETHUSDT
2022-12-12,1670803200,1263.0,1275.4,1278.9,1240.03,456347758.2778,Binance,ETHUSDT
2022-12-13,1670889600,1275.41,1320.69,1349.0,1255.1,859595295.3789,Binance,ETHUSDT
2022-12-14,1670976000,1320.69,1307.44,1352.72,1301.0,734778540.994,Binance,ETHUSDT
2022-12-15,1671062400,1307.45,1266.54,1311.14,1259.27,499233719.9857,Binance,ETHUSDT
2022-09-16,1663286400,19717.0,19813.31437099,19894.0,19347.0,137357969.7432,Bitfinex,BTCUSD
2022-09-17,1663372800,19813.0,20124.67868232,20212.0,19757.0,272904468.348,Bitfinex,BTCUSD
2022-09-18,1663459200,20124.67868232,19417.99098587,20125.0,19350.08803832,47966051.138,Bitfinex,BTCUSD
2022-09-19,1663545600,19418.0,19544.5149091,19694.0,18256.0,233173424.455,Bitfinex,BTCUSD
2022-09-20,1663632000,19544.0,18886.62342906,19635.0,18754.0,185750586.8112,Bitfinex,BTCUSD
2022-09-21,1663718400,18886.0,18473.0,19981.0,18210.0,329055204.6968,Bitfinex,BTCUSD
2022-09-22,1663804800,18473.0,19413.0,19524.0,18377.0,535778684.1299,Bitfinex,BTCUSD
2022-09-23,1663891200,19411.87732991,19299.0,19512.0,18551.0,281533849.8541,Bitfinex,BTCUSD
2022-09-24,1663977600,19298.0,18935.0,19315.0,18822.0,25407097.8356,Bitfinex,BTCUSD
2022-09-25,1664064000,18934.0,18817.0,19188.0,18646.0,77678630.1701,Bitfinex,BTCUSD
2022-09-26,1664150400,18819.0,19235.0,19333.0,18694.0,832442812.7079,Bitfinex,BTCUSD
2022-09-27,1664236800,19233.0,19096.59592432,20385.0,18838.0,286688573.8191,Bitfinex,BTCUSD
2022-09-28,1664323200,19096.0,19419.0,19791.0,18478.0,309180662.6593,Bitfinex,BTCUSD
2022-09-29,1664409600,19419.45237404,19589.0,19652.0,18859.0,163879749.2089,Bitfinex,BTCUSD
2022-09-30,1664496000,19589.0,19429.98970855,20181.0,19154.0,228339974.4865,Bitfinex,BTCUSD
2022-10-01,1664582400,19429.0,19316.0,19485.0,19157.0,18159764.0648,Bitfinex,BTCUSD
2022-10-02,1664668800,19314.0,19066.91978561,19396.0,18943.0,60680366.5952,Bitfinex,BTCUSD
2022-10-03,1664755200,19067.0,19632.0,19708.0,18980.0,210783902.0868,Bitfinex,BTCUSD
2022-10-04,1664841600,19635.0,20344.0,20543.0,19502.0,169232626.202,Bitfinex,BTCUSD
2022-10-05,1664928000,20344.0,20156.31380734,20363.0,19750.0,141577601.0564,Bitfinex,BTCUSD
2022-10-06,1665014400,20156.0,19960.0,20455.0,19866.0,128981225.9598,Bitfinex,BTCUSD
2022-10-07,1665100800,19959.0,19532.6194523,20059.0,19334.0,151609659.9195,Bitfinex,BTCUSD
2022-10-08,1665187200,19532.6194523,19418.0113733,19626.0,19250.0,23887483.1751,Bitfinex,BTCUSD
2022-10-09,1665273600,19418.0,19444.42907034,19553.0,19326.0,21853571.919,Bitfinex,BTCUSD
2022-10-10,1665360000,19441.0,19128.0,19526.95886111,19000.0,90450215.6993,Bitfinex,BTCUSD
2022-10-11,1665446400,19127.0,19063.0,19260.0,18856.7741059,168776731.3305,Bitfinex,BTCUSD
2022-10-12,1665532800,19063.0,19160.0,19233.0,19025.0,66583252.4198,Bitfinex,BTCUSD
2022-10-13,1665619200,19155.0,19385.0,19515.0,18161.0,120936691.277,Bitfinex,BTCUSD
2022-10-14,1665705600,19382.0,19186.0,19947.0,19088.0,49486353.9648,Bitfinex,BTCUSD
2022-10-15,1665792000,19183.0,19071.0,19227.0,18991.0,14102006.2029,Bitfinex,BTCUSD
2022-10-16,1665878400,19073.0,19267.0,19428.0,19067.0,14984926.371,Bitfinex,BTCUSD
2022-10-17,1665964800,19268.0,19554.0,19684.0,19166.0,28130124.2117,Bitfinex,BTCUSD
2022-10-18,1666051200,19557.0,19334.0,19709.0,19100.0,41151636.6025,Bitfinex,BTCUSD
2022-10-19,1666137600,19332.0,19132.0,19361.0,19081.0,16525271.0112,Bitfinex,BTCUSD
2022-10-20,1666224000,19131.0,19058.0,19355.0,18900.0,24335602.2774,Bitfinex,BTCUSD
2022-10-21,1666310400,19057.0,19175.0,19260.0,18673.0,22762394.2044,Bitfinex,BTCUSD
2022-10-22,1666396800,19175.0,19219.0,19278.0,19124.0,14462438.1309,Bitfinex,BTCUSD
2022-10-23,1666483200,19219.0,19585.0,19707.0,19086.0,29441349.5378,Bitfinex,BTCUSD
2022-10-24,1666569600,19586.0,19340.0,19615.0,19174.0,25534259.0255,Bitfinex,BTCUSD
2022-10-25,1666656000,19339.0,20104.0,20432.0,19251.0,54391583.4282,Bitfinex,BTCUSD
2022-10-26,1666742400,20105.0,20790.0,21022.0,20077.0,79822582.445,Bitfinex,BTCUSD
2022-10-27,1666828800,20788.0,20301.0,20892.0,20191.0,56500117.6908,Bitfinex,BTCUSD
2022-10-28,1666915200,20305.0,20611.0,20767.0,20033.0,46669957.7518,Bitfinex,BTCUSD
2022-10-29,1667001600,20610.0,20833.0,21091.0,20576.0,37898744.9084,Bitfinex,BTCUSD
2022-10-30,1667088000,20833.0,20647.0,20950.0,20532.0,22551817.364,Bitfinex,BTCUSD
2022-10-31,1667174400,20649.0,20509.0,20860.0,20257.0,35236709.6666,Bitfinex,BTCUSD
2022-11-01,1667260800,20508.0,20500.0,20699.0,20340.0,34210220.7128,Bitfinex,BTCUSD
2022-11-02,1667347200,20501.0,20165.0,20817.0,20078.0,52456096.1499,Bitfinex,BTCUSD
2022-11-03,1667433600,20166.0,20223.0,20404.0,20052.0,25112084.909,Bitfinex,BTCUSD
2022-11-04,1667520000,20223.0,21165.0,21298.0,20206.0,78897739.5294,Bitfinex,BTCUSD
2022-11-05,1667606400,21165.0,21313.0,21470.0,21100.0,34367909.089,Bitfinex,BTCUSD
2022-11-06,1667692800,21316.0,20932.0,21378.0,20900.0,28612436.876,Bitfinex,BTCUSD
2022-11-07,1667779200,20932.0,20609.0,21083.0,20421.0,38284148.2131,Bitfinex,BTCUSD
2022-11-08,1667865600,20609.0,18559.0,20712.0,16950.0,401786693.3376,Bitfinex,BTCUSD
2022-11-09,1667952000,18557.0,15923.0,18600.0,15588.0,311781936.484,Bitfinex,BTCUSD
2022-11-10,1668038400,15928.0,17585.0,18156.0,15760.0,347403511.2326,Bitfinex,BTCUSD
2022-11-11,1668124800,17584.0,17047.0,17671.0,16355.0,139103167.1125,Bitfinex,BTCUSD
2022-11-12,1668211200,17056.0,16820.0,17106.0,16635.0,21135764.8656,Bitfinex,BTCUSD
2022-11-13,1668297600,16815.0,16345.0,16956.0,16255.0,42128428.73,Bitfinex,BTCUSD
2022-11-14,1668384000,16344.0,16626.0,17200.0,15822.0,110592006.231,Bitfinex,BTCUSD
2022-11-15,1668470400,16625.0,16886.0,17132.0,16543.0,109416849.8775,Bitfinex,BTCUSD
2022-11-16,1668556800,16887.0,16654.0,17002.0,16347.0,73540696.8863,Bitfinex,BTCUSD
2022-11-17,1668643200,16653.0,16683.0,16735.0,16410.0,24676203.9384,Bitfinex,BTCUSD
2022-11-18,1668729600,16683.0,16685.0,16977.0,16546.0,33151219.7828,Bitfinex,BTCUSD
2022-11-19,1668816000,16682.0,16695.0,16811.0,16538.0,10123187.3591,Bitfinex,BTCUSD
2022-11-20,1668902400,16692.0,16278.0,16742.0,16184.0,19385379.1425,Bitfinex,BTCUSD
2022-11-21,1668988800,16278.0,15765.0,16305.0,15487.0,69051950.4411,Bitfinex,BTCUSD
2022-11-22,1669075200,15766.0,16217.0,16294.0,15616.0,51156343.1474,Bitfinex,BTCUSD
2022-11-23,1669161600,16219.0,16613.0,16682.0,16168.0,47543502.096,Bitfinex,BTCUSD
2022-11-24,1669248000,16608.0,16606.0,16804.0,16463.0,20026700.1544,Bitfinex,BTCUSD
2022-11-25,1669334400,16603.0,16519.0,16617.0,16354.0,19272794.1938,Bitfinex,BTCUSD
2022-11-26,1669420800,16520.0,16460.0,16697.0,16389.0,12794188.644,Bitfinex,BTCUSD
2022-11-27,1669507200,16460.0,16435.0,16603.0,16410.0,8124191.6378,Bitfinex,BTCUSD
2022-11-28,1669593600,16436.0,16214.0,16487.0,16002.0,28466625.6975,Bitfinex,BTCUSD
2022-11-29,1669680000,16216.0,16452.0,16545.0,16101.0,26649334.2502,Bitfinex,BTCUSD
2022-11-30,1669766400,16454.0,17180.0,17297.0,16446.0,45852586.4272,Bitfinex,BTCUSD
2022-12-01,1669852800,17181.0,16980.0,17335.0,16872.0,26675457.2106,Bitfinex,BTCUSD
2022-12-02,1669939200,16982.0,17090.0,17100.0,16789.0,26104428.0492,Bitfinex,BTCUSD
2022-12-03,1670025600,17091.0,16889.0,17144.0,16865.0,11737852.417,Bitfinex,BTCUSD
2022-12-04,1670112000,16890.0,17127.0,17210.0,16885.0,23968158.7904,Bitfinex,BTCUSD
2022-12-05,1670198400,17127.0,16975.0,17436.0,16886.0,24878195.0511,Bitfinex,BTCUSD
2022-12-06,1670284800,16974.0,17094.0,17109.0,16908.0,13150283.7714,Bitfinex,BTCUSD
2022-12-07,1670371200,17095.0,16846.0,17156.0,16701.0,18175412.2882,Bitfinex,BTCUSD
2022-12-08,1670457600,16846.0,17246.0,17323.0,16756.0,29922216.003,Bitfinex,BTCUSD
2022-12-09,1670544000,17247.0,17137.0,17366.0,17053.0,24479344.96,Bitfinex,BTCUSD
2022-12-10,1670630400,17137.0,17133.0,17240.0,17104.0,6344980.836,Bitfinex,BTCUSD
2022-12-11,1670716800,17132.0,17110.0,17503.0,17092.0,35382446.931,Bitfinex,BTCUSD
2022-12-12,1670803200,17101.0,17229.0,17263.0,16879.0,42360868.395,Bitfinex,BTCUSD
2022-12-13,1670889600,17230.0,17785.0,18000.0,17102.0,104390342.0525,Bitfinex,BTCUSD
2022-12-14,1670976000,17786.0,17813.0,18391.0,17678.0,54939744.4654,Bitfinex,BTCUSD
2022-12-15,1671062400,17816.0,17373.0,17867.0,17299.0,33704766.6879,Bitfinex,BTCUSD
2022-09-16,1663286400,1474.2,1434.4,1484.5,1406.5,88334640.5408,Bitfinex,ETHUSD
2022-09-17,1663372800,1434.4,1469.4,1476.45898224,1410.3,36699260.0403,Bitfinex,ETHUSD
2022-09-18,1663459200,1469.3,1334.6365268,1470.49587126,1324.0,63381611.2594,Bitfinex,ETHUSD
2022-09-19,1663545600,1335.2,1376.67959926,1393.9,1281.1,70375498.2573,Bitfinex,ETHUSD
2022-09-20,1663632000,1376.07777212,1323.7,1385.8,1313.1,67331880.9641,Bitfinex,ETHUSD
2022-09-21,1663718400,1323.54920562,1246.3,1412.76385631,1220.11135781,108678864.4416,Bitfinex,ETHUSD
2022-09-22,1663804800,1245.7,1326.5,1349.7,1237.3,121741682.1083,Bitfinex,ETHUSD
2022-09-23,1663891200,1327.1,1328.1,1360.0,1263.1,98765675.2659,Bitfinex,ETHUSD
2022-09-24,1663977600,1327.7,1317.4,1349.94224716,1307.0,7979991.7419,Bitfinex,ETHUSD
2022-09-25,1664064000,1317.4,1295.0,1337.8,1270.5,21872910.3167,Bitfinex,ETHUSD
2022-09-26,1664150400,1295.5099612,1337.2,1341.13753568,1279.6,257816682.6804,Bitfinex,ETHUSD
2022-09-27,1664236800,1336.89342049,1328.9,1401.6,1304.83663664,87957261.9696,Bitfinex,ETHUSD
2022-09-28,1664323200,1329.00947922,1337.3,1356.7,1255.0,115367044.524,Bitfinex,ETHUSD
2022-09-29,1664409600,1337.8,1335.75835033,1352.2,1289.5,54108318.07,Bitfinex,ETHUSD
2022-09-30,1664496000,1336.15159633,1329.2,1373.7,1315.1,75279814.9387,Bitfinex,ETHUSD
2022-10-01,1664582400,1329.2,1312.0,1334.4,1303.2,9141969.5807,Bitfinex,ETHUSD
2022-10-02,1664668800,1312.2,1277.8,1318.2,1270.0,20627227.3655,Bitfinex,ETHUSD
2022-10-03,1664755200,1277.29444921,1323.4,1330.1850109,1264.0,87833196.2879,Bitfinex,ETHUSD
2022-10-04,1664841600,1323.4,1361.76327716,1370.1285401,1319.2539635,39966049.8323,Bitfinex,ETHUSD
2022-10-05,1664928000,1361.76327716,1352.04599591,1365.0,1316.2,48520568.0565,Bitfinex,ETHUSD
2022-10-06,1665014400,1352.04599591,1352.2,1390.2,1345.3,62561807.6154,Bitfinex,ETHUSD
2022-10-07,1665100800,1352.2,1330.8918066,1361.9,1317.14808044,58187755.2134,Bitfinex,ETHUSD
2022-10-08,1665187200,1330.8918066,1315.7,1337.7,1303.6,8710789.808,Bitfinex,ETHUSD
2022-10-09,1665273600,1315.7,1323.54406149,1328.7,1307.3,13220148.8818,Bitfinex,ETHUSD
2022-10-10,1665360000,1323.1,1290.0,1338.1,1287.4,35176970.9159,Bitfinex,ETHUSD
2022-10-11,1665446400,1289.9,1279.9,1299.06906763,1267.08689386,39152251.1171,Bitfinex,ETHUSD
2022-10-12,1665532800,1279.8,1294.6,1303.1,1275.16479186,27691022.4529,Bitfinex,ETHUSD
2022-10-13,1665619200,1294.5,1287.3,1301.4,1190.0,59918962.258,Bitfinex,ETHUSD
2022-10-14,1665705600,1287.1,1297.1,1344.0,1283.7,14131232.0272,Bitfinex,ETHUSD
2022-10-15,1665792000,1297.0,1275.2,1301.8,1263.7,6447976.1699,Bitfinex,ETHUSD
2022-10-16,1665878400,1275.2,1306.4,1316.2,1274.9,8587026.089,Bitfinex,ETHUSD
2022-10-17,1665964800,1306.4,1331.8,1339.0,1296.0,8988428.3927,Bitfinex,ETHUSD
2022-10-18,1666051200,1331.8,1310.8,1342.1,1287.0,17262242.2385,Bitfinex,ETHUSD
2022-10-19,1666137600,1310.7,1285.6,1313.3,1279.8,12709957.7862,Bitfinex,ETHUSD
2022-10-20,1666224000,1285.6,1283.9,1311.4,1270.0,23977153.9658,Bitfinex,ETHUSD
2022-10-21,1666310400,1283.8,1300.4,1307.9,1254.8,21844735.9238,Bitfinex,ETHUSD
2022-10-22,1666396800,1300.7,1314.7,1321.2,1294.7,5022570.8751,Bitfinex,ETHUSD
2022-10-23,1666483200,1314.8,1364.8,1372.4,1300.1,15079690.8339,Bitfinex,ETHUSD
2022-10-24,1666569600,1365.3,1344.7,1371.5,1324.7,18406081.9265,Bitfinex,ETHUSD
2022-10-25,1666656000,1344.6,1460.8,1533.1,1335.9,66997466.3094,Bitfinex,ETHUSD
2022-10-26,1666742400,1461.1,1566.9,1596.0,1458.5,121436690.7986,Bitfinex,ETHUSD
2022-10-27,1666828800,1566.9,1515.1,1579.2,1504.3,60309227.2266,Bitfinex,ETHUSD
2022-10-28,1666915200,1515.1,1555.7,1576.4,1482.1,33304522.0028,Bitfinex,ETHUSD
2022-10-29,1667001600,1555.6,1621.6,1666.0,1549.1,54973259.9442,Bitfinex,ETHUSD
2022-10-30,1667088000,1621.4,1591.7,1642.1,1578.2,19591110.1224,Bitfinex,ETHUSD
2022-10-31,1667174400,1592.0,1573.7,1636.5,1545.8,53113564.0848,Bitfinex,ETHUSD
2022-11-01,1667260800,1573.6,1579.8,1614.0,1564.1,40037015.3873,Bitfinex,ETHUSD
2022-11-02,1667347200,1579.8,1519.7,1622.4,1503.5,59792504.247,Bitfinex,ETHUSD
2022-11-03,1667433600,1519.7,1532.6,1560.0,1516.5,32957878.4668,Bitfinex,ETHUSD
2022-11-04,1667520000,1532.6,1645.5,1678.0,1530.2,89941458.9713,Bitfinex,ETHUSD
2022-11-05,1667606400,1645.5,1628.1,1667.8,1622.5,30981594.1195,Bitfinex,ETHUSD
2022-11-06,1667692800,1628.1,1569.6,1638.4,1566.7,25041225.7933,Bitfinex,ETHUSD
2022-11-07,1667779200,1569.7,1569.3,1609.6,1547.3,40001538.0933,Bitfinex,ETHUSD
2022-11-08,1667865600,1569.5,1335.9,1580.0,1213.5,369781751.9077,Bitfinex,ETHUSD
2022-11-09,1667952000,1335.5,1102.6,1338.4,1073.9,232952668.5619,Bitfinex,ETHUSD
2022-11-10,1668038400,1103.1,1299.9,1348.0,1086.1,139842735.7883,Bitfinex,ETHUSD
2022-11-11,1668124800,1299.3,1287.3,1309.7,1201.9,70041186.1509,Bitfinex,ETHUSD
2022-11-12,1668211200,1288.3,1257.5,1291.3,1238.7,21213539.2624,Bitfinex,ETHUSD
2022-11-13,1668297600,1257.7,1223.0,1275.1,1202.7,33789419.0968,Bitfinex,ETHUSD
2022-11-14,1668384000,1223.0,1242.6,1290.9,1172.0,39131232.7286,Bitfinex,ETHUSD
2022-11-15,1668470400,1243.0,1253.0,1291.7,1231.0,39962062.2336,Bitfinex,ETHUSD
2022-11-16,1668556800,1253.0,1215.3,1268.3,1186.1,23017014.7443,Bitfinex,ETHUSD
2022-11-17,1668643200,1216.1,1199.3,1227.8,1180.0,16554684.2201,Bitfinex,ETHUSD
2022-11-18,1668729600,1199.0,1211.5,1232.5,1198.7,16159492.4239,Bitfinex,ETHUSD
2022-11-19,1668816000,1211.7,1217.3,1232.3,1197.3,6618168.899,Bitfinex,ETHUSD
2022-11-20,1668902400,1216.6,1142.0,1226.3,1132.2,17987291.0574,Bitfinex,ETHUSD
2022-11-21,1668988800,1141.9,1106.5,1145.7,1079.5,34176765.7524,Bitfinex,ETHUSD
2022-11-22,1669075200,1106.6,1138.8,1142.0,1075.2,17404436.7008,Bitfinex,ETHUSD
2022-11-23,1669161600,1139.6,1184.3,1192.0,1127.6,21781590.2836,Bitfinex,ETHUSD
2022-11-24,1669248000,1184.7,1204.6,1216.6,1180.9,24905832.3936,Bitfinex,ETHUSD
2022-11-25,1669334400,1204.2,1198.5,1208.1,1171.2,10484506.7756,Bitfinex,ETHUSD
2022-11-26,1669420800,1199.2,1205.2,1234.7,1196.9,8023365.5855,Bitfinex,ETHUSD
2022-11-27,1669507200,1205.1,1194.0,1223.4,1189.5,5055074.9957,Bitfinex,ETHUSD
2022-11-28,1669593600,1194.1,1168.0,1199.3,1149.8,12817522.873,Bitfinex,ETHUSD
2022-11-29,1669680000,1168.0,1216.9,1228.9,1158.7,12658097.3864,Bitfinex,ETHUSD
2022-11-30,1669766400,1216.9,1295.6,1310.3,1213.2,21865467.2944,Bitfinex,ETHUSD
2022-12-01,1669852800,1295.6,1276.7,1298.5,1263.7,13870256.1261,Bitfinex,ETHUSD
2022-12-02,1669939200,1276.8,1296.0,1297.1,1265.9,14123443.1021,Bitfinex,ETHUSD
2022-12-03,1670025600,1295.8,1240.9,1305.6,1237.0,19693587.7536,Bitfinex,ETHUSD
2022-12-04,1670112000,1240.9,1280.5,1287.6,1240.6,12760916.3416,Bitfinex,ETHUSD
2022-12-05,1670198400,1280.6,1260.1,1306.4,1246.9,21614407.4233,Bitfinex,ETHUSD
2022-12-06,1670284800,1259.9,1271.9,1274.6,1242.6,9035958.6282,Bitfinex,ETHUSD
2022-12-07,1670371200,1271.9,1231.7,1278.3,1219.0,11956372.294,Bitfinex,ETHUSD
2022-12-08,1670457600,1231.9,1281.4,1293.6,1222.8,28568070.3681,Bitfinex,ETHUSD
2022-12-09,1670544000,1281.4,1263.3,1297.4,1256.3,18987062.496,Bitfinex,ETHUSD
2022-12-10,1670630400,1263.4,1266.7,1285.1,1260.1,5348738.9293,Bitfinex,ETHUSD
2022-12-11,1670716800,1267.0,1264.5,1286.1,1257.1,6530723.7023,Bitfinex,ETHUSD
2022-12-12,1670803200,1264.1,1276.7,1280.3,1241.8,16975395.4128,Bitfinex,ETHUSD
2022-12-13,1670889600,1276.7,1321.4,1348.5,1256.9,38671589.8854,Bitfinex,ETHUSD
2022-12-14,1670976000,1321.5,1308.2,1352.7,1301.8,22925157.2422,Bitfinex,ETHUSD
2022-12-15,1671062400,1308.2,1267.6,1312.1,1260.5,21368533.6283,Bitfinex,ETHUSD
2022-09-16,1663286400,19700.98,19807.09,19890.0,19335.0,213664329.1643,Bybit,BTCUSDT
2022-09-17,1663372800,19807.09,20112.0,20186.41,19745.41,142953582.5451,Bybit,BTCUSDT
2022-09-18,1663459200,20112.0,19416.95,20117.19,19335.26,204291709.2372,Bybit,BTCUSDT
2022-09-19,1663545600,19416.95,19535.58,19685.0,18252.0,365941068.8537,Bybit,BTCUSDT
2022-09-20,1663632000,19535.58,18875.72,19634.8,18725.0,282452091.0758,Bybit,BTCUSDT
2022-09-21,1663718400,18875.72,18459.81,19973.62,18137.44,477000932.7535,Bybit,BTCUSDT
2022-09-22,1663804800,18459.81,19397.79,19528.59,18359.11,591830076.455,Bybit,BTCUSDT
2022-09-23,1663891200,19397.79,19287.95,19500.0,18533.32,489208842.0167,Bybit,BTCUSDT
2022-09-24,1663977600,19287.95,18918.62,19312.49,18806.0,234620445.239,Bybit,BTCUSDT
2022-09-25,1664064000,18918.62,18806.85,19185.45,18631.69,195839937.6156,Bybit,BTCUSDT
2022-09-26,1664150400,18806.85,19225.7,19317.06,18681.23,413809955.1902,Bybit,BTCUSDT
2022-09-27,1664236800,19225.7,19076.02,20383.48,18812.6,753270975.1071,Bybit,BTCUSDT
2022-09-28,1664323200,19076.02,19413.5,19776.68,18468.11,646980169.6563,Bybit,BTCUSDT
2022-09-29,1664409600,19413.5,19591.57,19643.92,18842.36,363913885.7909,Bybit,BTCUSDT
2022-09-30,1664496000,19591.57,19421.9,20181.4,19154.67,302079173.2265,Bybit,BTCUSDT
2022-10-01,1664582400,19421.9,19311.15,19483.3,19161.74,123505259.3553,Bybit,BTCUSDT
2022-10-02,1664668800,19311.15,19058.81,19395.76,18921.46,162532703.9295,Bybit,BTCUSDT
2022-10-03,1664755200,19058.81,19628.05,19714.24,18962.08,262804710.5769,Bybit,BTCUSDT
2022-10-04,1664841600,19628.05,20337.71,20460.0,19493.08,310824082.4592,Bybit,BTCUSDT
2022-10-05,1664928000,20337.71,20161.1,20361.59,19736.83,308623545.888,Bybit,BTCUSDT
2022-10-06,1665014400,20161.1,19961.77,20455.04,19852.61,521977825.1087,Bybit,BTCUSDT
2022-10-07,1665100800,19961.77,19527.0,20065.44,19321.58,505251857.5595,Bybit,BTCUSDT
2022-10-08,1665187200,19527.0,19414.41,19626.0,19241.0,155731501.1911,Bybit,BTCUSDT
2022-10-09,1665273600,19414.41,19438.5,19555.2,19317.13,113266816.2912,Bybit,BTCUSDT
2022-10-10,1665360000,19438.5,19130.45,19526.01,19022.0,231063437.0625,Bybit,BTCUSDT
2022-10-11,1665446400,19130.45,19058.0,19267.33,18857.12,202981138.2906,Bybit,BTCUSDT
2022-10-12,1665532800,19058.0,19154.93,19240.0,18960.68,175219244.8711,Bybit,BTCUSDT
2022-10-13,1665619200,19154.93,19374.98,19507.0,18160.47,496542592.9026,Bybit,BTCUSDT
2022-10-14,1665705600,19374.98,19175.68,19950.57,19074.3,372933494.8447,Bybit,BTCUSDT
2022-10-15,1665792000,19175.68,19071.34,19226.0,18980.0,87574977.043,Bybit,BTCUSDT
2022-10-16,1665878400,19071.34,19264.83,19424.73,19066.01,104913735.1267,Bybit,BTCUSDT
2022-10-17,1665964800,19264.83,19550.15,19677.4,19155.58,260567073.2452,Bybit,BTCUSDT
2022-10-18,1666051200,19550.15,19328.0,19704.7,19093.64,386117777.7777,Bybit,BTCUSDT
2022-10-19,1666137600,19328.0,19123.0,19359.37,19074.6,224243564.8683,Bybit,BTCUSDT
2022-10-20,1666224000,19123.0,19043.65,19343.0,18905.83,268615994.4036,Bybit,BTCUSDT
2022-10-21,1666310400,19043.65,19163.1,19249.92,18662.0,279920192.7157,Bybit,BTCUSDT
2022-10-22,1666396800,19163.1,19202.45,19261.01,19112.9,51849023.3566,Bybit,BTCUSDT
2022-10-23,1666483200,19202.45,19569.0,19695.0,19069.51,155413235.0998,Bybit,BTCUSDT
2022-10-24,1666569600,19569.0,19331.0,19600.5,19156.01,268756712.5688,Bybit,BTCUSDT
2022-10-25,1666656000,19331.0,20081.22,20419.12,19238.66,482452956.7584,Bybit,BTCUSDT
2022-10-26,1666742400,20081.22,20769.66,21018.0,20048.64,655607352.7218,Bybit,BTCUSDT
2022-10-27,1666828800,20769.66,20295.32,20873.28,20200.0,500360550.0528,Bybit,BTCUSDT
2022-10-28,1666915200,20295.32,20591.65,20750.0,20000.0,483495697.2365,Bybit,BTCUSDT
2022-10-29,1667001600,20591.65,20808.44,21082.91,20553.23,240654063.6368,Bybit,BTCUSDT
2022-10-30,1667088000,20808.44,20627.18,20932.0,20514.0,161486334.1471,Bybit,BTCUSDT
2022-10-31,1667174400,20627.18,20491.17,20841.61,20237.18,325541686.2608,Bybit,BTCUSDT
2022-11-01,1667260800,20491.17,20483.43,20695.0,20330.35,278610804.6335,Bybit,BTCUSDT
2022-11-02,1667347200,20483.43,20151.84,20799.0,20058.97,330138474.4315,Bybit,BTCUSDT
2022-11-03,1667433600,20151.84,20209.59,20393.52,20029.42,176285047.4333,Bybit,BTCUSDT
2022-11-04,1667520000,20209.59,21143.84,21300.0,20182.04,473376456.3925,Bybit,BTCUSDT
2022-11-05,1667606400,21143.84,21298.28,21480.0,21080.27,216001385.8139,Bybit,BTCUSDT
2022-11-06,1667692800,21298.28,20908.35,21366.0,20887.3,190661617.0029,Bybit,BTCUSDT
2022-11-07,1667779200,20908.35,20589.55,21070.71,20384.44,385045828.7344,Bybit,BTCUSDT
2022-11-08,1667865600,20589.55,18545.0,20679.66,17531.0,953688423.7501,Bybit,BTCUSDT
2022-11-09,1667952000,18545.0,15910.69,18587.78,15530.0,833427406.2619,Bybit,BTCUSDT
2022-11-10,1668038400,15910.69,17600.05,18150.0,15736.68,501616426.2135,Bybit,BTCUSDT
2022-11-11,1668124800,17600.05,17058.81,17692.14,16364.0,527987723.0592,Bybit,BTCUSDT
2022-11-12,1668211200,17058.81,16814.0,17110.0,16636.1,127542433.0954,Bybit,BTCUSDT
2022-11-13,1668297600,16814.0,16340.57,16951.5,16235.01,106039146.5324,Bybit,BTCUSDT
2022-11-14,1668384000,16340.57,16620.26,17188.88,15825.88,296573670.1985,Bybit,BTCUSDT
2022-11-15,1668470400,16620.26,16894.5,17123.0,16527.0,208753295.0026,Bybit,BTCUSDT
2022-11-16,1668556800,16894.5,16658.23,17016.66,16380.0,141532084.2295,Bybit,BTCUSDT
2022-11-17,1668643200,16658.23,16692.1,16747.96,16415.56,77485838.2411,Bybit,BTCUSDT
2022-11-18,1668729600,16692.1,16696.97,16991.0,16542.42,79996260.4679,Bybit,BTCUSDT
2022-11-19,1668816000,16696.97,16695.81,16817.48,16552.99,33828905.3318,Bybit,BTCUSDT
2022-11-20,1668902400,16695.81,16278.35,16749.18,16183.73,64622091.6164,Bybit,BTCUSDT
2022-11-21,1668988800,16278.35,15782.91,16318.32,15484.34,104496098.1843,Bybit,BTCUSDT
2022-11-22,1669075200,15782.91,16222.53,16302.26,15622.5,146657644.653,Bybit,BTCUSDT
2022-11-23,1669161600,16222.53,16603.73,16700.0,16159.01,132444911.3746,Bybit,BTCUSDT
2022-11-24,1669248000,16603.73,16598.08,16808.9,16457.92,85657591.7932,Bybit,BTCUSDT
2022-11-25,1669334400,16598.08,16522.0,16623.79,16343.4,84293008.42,Bybit,BTCUSDT
2022-11-26,1669420800,16522.0,16462.86,16696.22,16387.15,57944950.685,Bybit,BTCUSDT
2022-11-27,1669507200,16462.86,16429.75,16597.25,16403.53,48674142.7813,Bybit,BTCUSDT
2022-11-28,1669593600,16429.75,16217.36,16488.7,16000.0,107616102.8628,Bybit,BTCUSDT
2022-11-29,1669680000,16217.36,16442.15,16546.56,16101.0,80463891.3413,Bybit,BTCUSDT
2022-11-30,1669766400,16442.15,17163.07,17250.0,16428.42,142415424.8188,Bybit,BTCUSDT
2022-12-01,1669852800,17163.07,16978.95,17317.71,16863.5,96937408.821,Bybit,BTCUSDT
2022-12-02,1669939200,16978.95,17088.59,17102.0,16780.39,62308745.7743,Bybit,BTCUSDT
2022-12-03,1670025600,17088.59,16885.56,17152.9,16861.54,32373588.0792,Bybit,BTCUSDT
2022-12-04,1670112000,16885.56,17105.45,17200.0,16884.65,48389519.341,Bybit,BTCUSDT
2022-12-05,1670198400,17105.45,16963.99,17415.91,16867.67,83962928.1738,Bybit,BTCUSDT
2022-12-06,1670284800,16963.99,17084.99,17104.08,16904.6,54750493.6787,Bybit,BTCUSDT
2022-12-07,1670371200,17084.99,16836.0,17138.0,16689.0,48064245.8915,Bybit,BTCUSDT
2022-12-08,1670457600,16836.0,17224.74,17295.05,16730.0,65819863.9001,Bybit,BTCUSDT
2022-12-09,1670544000,17224.74,17127.74,17343.65,17058.58,54758850.1928,Bybit,BTCUSDT
2022-12-10,1670630400,17127.74,17125.6,17224.04,17091.32,28335602.1037,Bybit,BTCUSDT
2022-12-11,1670716800,17125.6,17089.8,17267.99,17059.92,34471189.119,Bybit,BTCUSDT
2022-12-12,1670803200,17089.8,17207.18,17239.24,16870.8,65190636.0586,Bybit,BTCUSDT
2022-12-13,1670889600,17207.18,17778.49,17977.0,17079.31,122752391.9592,Bybit,BTCUSDT
2022-12-14,1670976000,17778.49,17804.08,18378.5,17658.0,157241900.7181,Bybit,BTCUSDT
2022-12-15,1671062400,17804.08,17358.15,17852.3,17270.0,97255118.9611,Bybit,BTCUSDT
2022-09-16,1663286400,1472.75,1434.07,1483.13,1405.39,613144083.9197,Bybit,ETHUSDT
2022-09-17,1663372800,1434.07,1468.92,1476.36,1409.16,372680918.6051,Bybit,ETHUSDT
2022-09-18,1663459200,1468.92,1334.63,1469.76,1323.78,456454615.8226,Bybit,ETHUSDT
2022-09-19,1663545600,1334.63,1376.06,1392.79,1279.98,521971933.9211,Bybit,ETHUSDT
2022-09-20,1663632000,1376.06,1322.8,1385.41,1311.96,409178991.2605,Bybit,ETHUSDT
2022-09-21,1663718400,1322.8,1245.8,1409.0,1218.75,681746399.523,Bybit,ETHUSDT
2022-09-22,1663804800,1245.8,1326.57,1349.63,1237.06,730579599.4253,Bybit,ETHUSDT
2022-09-23,1663891200,1326.57,1327.38,1359.65,1261.7,608021054.7584,Bybit,ETHUSDT
2022-09-24,1663977600,1327.38,1316.97,1349.44,1306.31,225804145.4424,Bybit,ETHUSDT
2022-09-25,1664064000,1316.97,1294.61,1337.58,1269.0,253845402.4671,Bybit,ETHUSDT
2022-09-26,1664150400,1294.61,1336.39,1340.39,1278.17,415461695.6289,Bybit,ETHUSDT
2022-09-27,1664236800,1336.39,1327.9,1400.21,1303.53,459643295.96,Bybit,ETHUSDT
2022-09-28,1664323200,1327.9,1337.05,1355.64,1252.29,514304549.2606,Bybit,ETHUSDT
2022-09-29,1664409600,1337.05,1335.78,1352.24,1288.27,365484204.3704,Bybit,ETHUSDT
2022-09-30,1664496000,1335.78,1329.03,1373.47,1313.84,314661648.0491,Bybit,ETHUSDT
2022-10-01,1664582400,1329.03,1311.84,1333.94,1302.3,125184014.9169,Bybit,ETHUSDT
2022-10-02,1664668800,1311.84,1276.86,1318.21,1268.52,173827180.095,Bybit,ETHUSDT
2022-10-03,1664755200,1276.86,1322.96,1330.02,1262.56,257361987.5483,Bybit,ETHUSDT
2022-10-04,1664841600,1322.96,1361.26,1369.77,1318.61,192294801.8877,Bybit,ETHUSDT
2022-10-05,1664928000,1361.26,1352.45,1364.7,1316.1,196870397.4422,Bybit,ETHUSDT
2022-10-06,1665014400,1352.45,1351.92,1384.0,1345.26,409479182.7012,Bybit,ETHUSDT
2022-10-07,1665100800,1351.92,1331.22,1361.76,1317.44,415158162.738,Bybit,ETHUSDT
2022-10-08,1665187200,1331.22,1315.53,1337.91,1303.35,196085956.0936,Bybit,ETHUSDT
2022-10-09,1665273600,1315.53,1323.29,1328.97,1307.13,123400320.4433,Bybit,ETHUSDT
2022-10-10,1665360000,1323.29,1290.1,1338.35,1287.0,199862204.4453,Bybit,ETHUSDT
2022-10-11,1665446400,1290.1,1279.93,1298.11,1266.64,204064481.3779,Bybit,ETHUSDT
2022-10-12,1665532800,1279.93,1294.42,1306.81,1275.24,192341370.7132,Bybit,ETHUSDT
2022-10-13,1665619200,1294.42,1286.95,1301.19,1190.0,291398574.3861,Bybit,ETHUSDT
2022-10-14,1665705600,1286.95,1296.18,1343.4,1283.09,277444912.4891,Bybit,ETHUSDT
2022-10-15,1665792000,1296.18,1275.07,1301.62,1263.59,101032733.0593,Bybit,ETHUSDT
2022-10-16,1665878400,1275.07,1305.94,1315.45,1274.49,117160030.1376,Bybit,ETHUSDT
2022-10-17,1665964800,1305.94,1331.59,1338.69,1295.55,225401795.5313,Bybit,ETHUSDT
2022-10-18,1666051200,1331.59,1310.85,1342.0,1286.7,266996473.2496,Bybit,ETHUSDT
2022-10-19,1666137600,1310.85,1284.99,1313.68,1280.1,214687964.9559,Bybit,ETHUSDT
2022-10-20,1666224000,1284.99,1282.72,1310.85,1270.1,238305568.4869,Bybit,ETHUSDT
2022-10-21,1666310400,1282.72,1299.56,1307.0,1253.18,316292683.7536,Bybit,ETHUSDT
2022-10-22,1666396800,1299.56,1313.87,1320.44,1294.0,96685991.4807,Bybit,ETHUSDT
2022-10-23,1666483200,1313.87,1364.27,1371.22,1299.33,149373047.0378,Bybit,ETHUSDT
2022-10-24,1666569600,1364.27,1343.5,1371.15,1323.93,377544209.6535,Bybit,ETHUSDT
2022-10-25,1666656000,1343.5,1459.82,1524.58,1334.74,621773798.9146,Bybit,ETHUSDT
2022-10-26,1666742400,1459.82,1566.09,1595.25,1457.4,858991855.7162,Bybit,ETHUSDT
2022-10-27,1666828800,1566.09,1514.21,1578.57,1503.39,636544994.6023,Bybit,ETHUSDT
2022-10-28,1666915200,1514.21,1554.29,1575.49,1479.71,406294534.2915,Bybit,ETHUSDT
2022-10-29,1667001600,1554.29,1619.34,1664.08,1547.37,407862941.5536,Bybit,ETHUSDT
2022-10-30,1667088000,1619.34,1590.62,1640.28,1576.33,221096450.7227,Bybit,ETHUSDT
2022-10-31,1667174400,1590.62,1573.13,1635.74,1545.51,370679288.0278,Bybit,ETHUSDT
2022-11-01,1667260800,1573.13,1578.6,1613.32,1563.43,324302922.0686,Bybit,ETHUSDT
2022-11-02,1667347200,1578.6,1518.03,1620.97,1501.58,417283178.3013,Bybit,ETHUSDT
2022-11-03,1667433600,1518.03,1531.19,1559.27,1515.0,194247831.6032,Bybit,ETHUSDT
2022-11-04,1667520000,1531.19,1644.6,1677.74,1528.2,372169604.4341,Bybit,ETHUSDT
2022-11-05,1667606400,1644.6,1626.69,1667.48,1620.93,171370036.9303,Bybit,ETHUSDT
2022-11-06,1667692800,1626.69,1568.28,1639.19,1563.99,184242028.8415,Bybit,ETHUSDT
2022-11-07,1667779200,1568.28,1568.3,1608.71,1545.85,281465737.4945,Bybit,ETHUSDT
2022-11-08,1667865600,1568.3,1334.22,1581.34,1206.16,993714200.471,Bybit,ETHUSDT
2022-11-09,1667952000,1334.22,1101.8,1337.62,1072.4,782113975.8125,Bybit,ETHUSDT
2022-11-10,1668038400,1101.8,1299.35,1349.0,1084.71,432775946.4546,Bybit,ETHUSDT
2022-11-11,1668124800,1299.35,1289.08,1309.25,1201.16,361964572.5448,Bybit,ETHUSDT
2022-11-12,1668211200,1289.08,1257.38,1292.51,1238.91,127985115.9057,Bybit,ETHUSDT
2022-11-13,1668297600,1257.38,1221.88,1274.63,1201.16,98216461.7277,Bybit,ETHUSDT
2022-11-14,1668384000,1221.88,1242.34,1290.68,1171.61,252271730.4321,Bybit,ETHUSDT
2022-11-15,1668470400,1242.34,1253.31,1290.7,1234.31,190469948.6667,Bybit,ETHUSDT
2022-11-16,1668556800,1253.31,1216.13,1268.5,1187.32,140089101.6754,Bybit,ETHUSDT
2022-11-17,1668643200,1216.13,1200.12,1228.6,1182.1,192616222.6535,Bybit,ETHUSDT
2022-11-18,1668729600,1200.12,1212.24,1233.77,1199.0,144967840.2323,Bybit,ETHUSDT
2022-11-19,1668816000,1212.24,1217.22,1233.89,1197.5,84307242.6189,Bybit,ETHUSDT
2022-11-20,1668902400,1217.22,1142.33,1226.8,1133.39,174791222.5105,Bybit,ETHUSDT
2022-11-21,1668988800,1142.33,1107.49,1146.75,1080.32,81643930.8393,Bybit,ETHUSDT
2022-11-22,1669075200,1107.49,1139.15,1142.63,1075.01,194943934.8185,Bybit,ETHUSDT
2022-11-23,1669161600,1139.15,1184.27,1190.72,1127.75,195723720.069,Bybit,ETHUSDT
2022-11-24,1669248000,1184.27,1203.76,1217.54,1180.5,101145316.9659,Bybit,ETHUSDT
2022-11-25,1669334400,1203.76,1199.05,1207.93,1171.2,89741296.6408,Bybit,ETHUSDT
2022-11-26,1669420800,1199.05,1206.02,1234.52,1196.52,81713857.7951,Bybit,ETHUSDT
2022-11-27,1669507200,1206.02,1193.67,1223.12,1188.77,68080861.6007,Bybit,ETHUSDT
2022-11-28,1669593600,1193.67,1168.23,1199.51,1151.0,94948173.7441,Bybit,ETHUSDT
2022-11-29,1669680000,1168.23,1216.39,1227.04,1159.0,102859777.5829,Bybit,ETHUSDT
2022-11-30,1669766400,1216.39,1295.28,1310.29,1212.29,143938701.2745,Bybit,ETHUSDT
2022-12-01,1669852800,1295.28,1276.29,1300.0,1262.75,83509349.2822,Bybit,ETHUSDT
2022-12-02,1669939200,1276.29,1294.32,1296.86,1265.11,73887708.3429,Bybit,ETHUSDT
2022-12-03,1670025600,1294.32,1240.61,1307.0,1235.72,63874567.3476,Bybit,ETHUSDT
2022-12-04,1670112000,1240.61,1279.14,1287.0,1239.96,64719820.2919,Bybit,ETHUSDT
2022-12-05,1670198400,1279.14,1258.95,1304.98,1245.97,89595045.229,Bybit,ETHUSDT
2022-12-06,1670284800,1258.95,1271.31,1274.91,1241.82,79574274.3372,Bybit,ETHUSDT
2022-12-07,1670371200,1271.31,1231.43,1277.75,1218.88,68049351.3078,Bybit,ETHUSDT
2022-12-08,1670457600,1231.43,1280.22,1292.76,1222.21,84793869.56,Bybit,ETHUSDT
2022-12-09,1670544000,1280.22,1263.34,1296.25,1256.28,71928708.6393,Bybit,ETHUSDT
2022-12-10,1670630400,1263.34,1266.29,1283.46,1259.46,31253009.4131,Bybit,ETHUSDT
2022-12-11,1670716800,1266.29,1263.18,1284.36,1256.0,31355524.0979,Bybit,ETHUSDT
2022-12-12,1670803200,1263.18,1275.36,1278.65,1240.12,76335630.5298,Bybit,ETHUSDT
2022-12-13,1670889600,1275.36,1320.79,1347.0,1255.06,127441025.3837,Bybit,ETHUSDT
2022-12-14,1670976000,1320.79,1307.6,1352.52,1301.0,107617142.1738,Bybit,ETHUSDT
2022-12-15,1671062400,1307.6,1266.74,1311.43,1259.49,72930857.0686,Bybit,ETHUSDT
2022-09-16,1663286400,19704.35,19803.37,20355.03,19325.01,13025410.8284,Coinbase,BTC-USDT
2022-09-17,1663372800,19794.9,20113.28,20182.83,19753.13,6095413.7851,Coinbase,BTC-USDT
2022-09-18,1663459200,20085.97,19414.18,20098.41,19333.7,6306240.4227,Coinbase,BTC-USDT
2022-09-19,1663545600,19424.59,19531.07,19679.94,18250.0,19099699.0951,Coinbase,BTC-USDT
2022-09-20,1663632000,19528.95,18884.48,19631.78,18726.11,24321801.2427,Coinbase,BTC-USDT
2022-09-21,1663718400,18871.12,18458.36,20373.19,18150.0,27896477.1878,Coinbase,BTC-USDT
2022-09-22,1663804800,18451.66,19403.41,19521.81,18362.89,37682430.0605,Coinbase,BTC-USDT
2022-09-23,1663891200,19400.57,19282.26,19499.04,18530.85,21050894.3599,Coinbase,BTC-USDT
2022-09-24,1663977600,19303.84,18920.31,19309.93,18808.4,8556271.4783,Coinbase,BTC-USDT
2022-09-25,1664064000,18929.77,18810.88,19184.19,18632.24,10575809.4871,Coinbase,BTC-USDT
2022-09-26,1664150400,18810.55,19228.12,19314.46,18685.0,31343133.7375,Coinbase,BTC-USDT
2022-09-27,1664236800,19226.37,19080.72,20384.54,18817.84,52846894.604,Coinbase,BTC-USDT
2022-09-28,1664323200,19082.86,19420.67,19775.0,18476.0,32547925.2657,Coinbase,BTC-USDT
2022-09-29,1664409600,19418.08,19593.76,19643.37,18850.0,23838943.6123,Coinbase,BTC-USDT
2022-09-30,1664496000,19599.42,19417.14,20180.0,19146.8,31098063.3116,Coinbase,BTC-USDT
2022-10-01,1664582400,19412.59,19302.65,19475.0,19164.72,7169336.5373,Coinbase,BTC-USDT
2022-10-02,1664668800,19298.37,19064.28,19390.0,18921.57,15115940.991,Coinbase,BTC-USDT
2022-10-03,1664755200,19059.48,19627.94,19718.63,18963.88,40960274.9751,Coinbase,BTC-USDT
2022-10-04,1664841600,19624.86,20339.02,20470.37,19483.5,46008606.6784,Coinbase,BTC-USDT
2022-10-05,1664928000,20339.02,20150.51,20363.77,19729.66,40811049.2598,Coinbase,BTC-USDT
2022-10-06,1665014400,20146.15,19956.11,20449.54,19857.01,62768805.2591,Coinbase,BTC-USDT
2022-10-07,1665100800,19951.37,19530.83,20059.12,19324.49,38997759.3283,Coinbase,BTC-USDT
2022-10-08,1665187200,19523.68,19412.2,19625.0,19241.03,15777435.7097,Coinbase,BTC-USDT
2022-10-09,1665273600,19415.92,19435.85,19557.85,19321.75,15475734.2424,Coinbase,BTC-USDT
2022-10-10,1665360000,19432.56,19125.94,19525.0,19023.85,34280262.8397,Coinbase,BTC-USDT
2022-10-11,1665446400,19123.0,19060.65,19266.56,18861.61,47124460.4709,Coinbase,BTC-USDT
2022-10-12,1665532800,19057.33,19149.99,19236.25,18966.91,26340443.5288,Coinbase,BTC-USDT
2022-10-13,1665619200,19152.71,19372.76,19514.8,18150.0,75774381.2151,Coinbase,BTC-USDT
2022-10-14,1665705600,19372.89,19177.53,19951.95,19072.2,52708329.6704,Coinbase,BTC-USDT
2022-10-15,1665792000,19179.98,19068.22,19222.3,18979.85,9526574.7945,Coinbase,BTC-USDT
2022-10-16,1665878400,19071.38,19258.18,19417.83,19070.24,12702220.7032,Coinbase,BTC-USDT
2022-10-17,1665964800,19272.7,19543.51,19675.15,19157.6,35235798.908,Coinbase,BTC-USDT
2022-10-18,1666051200,19554.74,19319.73,19705.98,19093.99,29316753.9313,Coinbase,BTC-USDT
2022-10-19,1666137600,19319.71,19124.91,19357.49,19066.64,17231236.219,Coinbase,BTC-USDT
2022-10-20,1666224000,19124.07,19045.52,19354.0,18904.36,29024898.6345,Coinbase,BTC-USDT
2022-10-21,1666310400,19042.67,19165.63,19250.0,18650.0,22825088.2205,Coinbase,BTC-USDT
2022-10-22,1666396800,19169.46,19207.62,19258.31,19117.74,4821870.9469,Coinbase,BTC-USDT
2022-10-23,1666483200,19207.62,19570.37,19693.55,19075.5,14684740.0881,Coinbase,BTC-USDT
2022-10-24,1666569600,19572.44,19328.92,19600.4,19159.0,21519032.245,Coinbase,BTC-USDT
2022-10-25,1666656000,19332.19,20088.28,20413.97,19241.53,37931560.8191,Coinbase,BTC-USDT
2022-10-26,1666742400,20093.93,20766.56,21016.28,20052.18,45510062.3618,Coinbase,BTC-USDT
2022-10-27,1666828800,20763.83,20295.22,20869.8,20200.0,38097380.6584,Coinbase,BTC-USDT
2022-10-28,1666915200,20297.98,20590.04,20749.0,19986.0,35735718.5554,Coinbase,BTC-USDT
2022-10-29,1667001600,20591.28,20805.55,21084.51,20557.06,16576249.0686,Coinbase,BTC-USDT
2022-10-30,1667088000,20808.95,20631.53,20930.34,20516.31,8604007.1392,Coinbase,BTC-USDT
2022-10-31,1667174400,20632.67,20474.17,20834.43,20242.17,14639718.0606,Coinbase,BTC-USDT
2022-11-01,1667260800,20469.1,20482.55,20691.95,20320.44,15506587.9824,Coinbase,BTC-USDT
2022-11-02,1667347200,20481.04,20148.38,20802.4,20059.04,25191396.307,Coinbase,BTC-USDT
2022-11-03,1667433600,20151.65,20210.17,20398.21,20035.0,16894499.2588,Coinbase,BTC-USDT
2022-11-04,1667520000,20208.32,21146.85,21302.94,20183.37,32758693.5574,Coinbase,BTC-USDT
2022-11-05,1667606400,21153.25,21298.6,21476.03,21089.57,9582314.3631,Coinbase,BTC-USDT
2022-11-06,1667692800,21301.41,20908.07,21361.94,20888.55,7033583.0312,Coinbase,BTC-USDT
2022-11-07,1667779200,20906.94,20587.75,21062.98,20387.65,14235018.9705,Coinbase,BTC-USDT
2022-11-08,1667865600,20576.64,18540.46,20681.33,17008.0,53143181.6372,Coinbase,BTC-USDT
2022-11-09,1667952000,18539.23,15905.51,18586.4,15559.3,50339485.7193,Coinbase,BTC-USDT
2022-11-10,1668038400,15931.49,17598.05,18198.23,15772.79,52289409.8362,Coinbase,BTC-USDT
2022-11-11,1668124800,17580.83,17067.7,17692.84,16367.87,30684842.1136,Coinbase,BTC-USDT
2022-11-12,1668211200,17049.84,16809.48,17106.37,16638.79,14619000.1182,Coinbase,BTC-USDT
2022-11-13,1668297600,16803.48,16327.76,16952.6,16239.31,13706400.6142,Coinbase,BTC-USDT
2022-11-14,1668384000,16322.79,16615.95,17195.33,15817.02,29292752.5163,Coinbase,BTC-USDT
2022-11-15,1668470400,16597.79,16893.34,17124.38,16527.21,29311234.3547,Coinbase,BTC-USDT
2022-11-16,1668556800,16895.43,16662.57,17013.66,16374.19,27329230.8261,Coinbase,BTC-USDT
2022-11-17,1668643200,16665.49,16693.02,16750.0,16410.66,15636686.4756,Coinbase,BTC-USDT
2022-11-18,1668729600,16693.02,16699.81,17000.0,16550.98,15173688.5949,Coinbase,BTC-USDT
2022-11-19,1668816000,16696.71,16702.85,16820.82,16554.79,8591403.8883,Coinbase,BTC-USDT
2022-11-20,1668902400,16704.21,16277.43,16751.08,16181.8,12676620.3133,Coinbase,BTC-USDT
2022-11-21,1668988800,16274.31,15778.08,16316.92,15477.17,43225914.0535,Coinbase,BTC-USDT
2022-11-22,1669075200,15790.32,16213.71,16311.45,15616.67,22759880.3615,Coinbase,BTC-USDT
2022-11-23,1669161600,16222.62,16608.27,16709.81,16164.99,27302173.0486,Coinbase,BTC-USDT
2022-11-24,1669248000,16606.24,16599.54,16815.04,16463.67,27349630.223,Coinbase,BTC-USDT
2022-11-25,1669334400,16601.34,16519.97,16622.7,16347.86,37542001.3093,Coinbase,BTC-USDT
2022-11-26,1669420800,16523.39,16451.12,16701.16,16385.41,17264774.1611,Coinbase,BTC-USDT
2022-11-27,1669507200,16454.5,16429.92,16598.95,16402.24,13415271.4847,Coinbase,BTC-USDT
2022-11-28,1669593600,16427.79,16214.08,16483.95,15999.0,54144969.5258,Coinbase,BTC-USDT
2022-11-29,1669680000,16212.47,16440.57,16543.88,16099.73,36172915.2631,Coinbase,BTC-USDT
2022-11-30,1669766400,16441.48,17165.67,17247.92,16427.59,51140443.7694,Coinbase,BTC-USDT
2022-12-01,1669852800,17162.31,16979.99,17330.36,16861.82,28425887.1462,Coinbase,BTC-USDT
2022-12-02,1669939200,16976.36,17093.82,17102.81,16782.68,25839478.6595,Coinbase,BTC-USDT
2022-12-03,1670025600,17095.38,16886.69,17158.34,16861.45,16497216.0543,Coinbase,BTC-USDT
2022-12-04,1670112000,16882.94,17108.14,17202.83,16881.32,14368852.1001,Coinbase,BTC-USDT
2022-12-05,1670198400,17104.69,16966.96,17420.27,16869.97,33509455.8499,Coinbase,BTC-USDT
2022-12-06,1670284800,16968.13,17090.0,17106.02,16907.98,28321395.6119,Coinbase,BTC-USDT
2022-12-07,1670371200,17092.05,16836.65,17138.75,16673.35,23833603.7986,Coinbase,BTC-USDT
2022-12-08,1670457600,16838.07,17223.44,17298.06,16737.85,25034676.7874,Coinbase,BTC-USDT
2022-12-09,1670544000,17223.69,17129.93,17361.27,17066.91,16738395.9723,Coinbase,BTC-USDT
2022-12-10,1670630400,17127.51,17125.72,17226.81,17094.17,8242161.2042,Coinbase,BTC-USDT
2022-12-11,1670716800,17125.1,17087.24,17266.56,17073.42,10468320.8737,Coinbase,BTC-USDT
2022-12-12,1670803200,17085.12,17211.56,17240.78,16875.13,20379790.3379,Coinbase,BTC-USDT
2022-12-13,1670889600,17212.25,17777.37,18012.0,17082.68,46477700.7028,Coinbase,BTC-USDT
2022-12-14,1670976000,17775.38,17803.45,18383.73,17662.2,59727576.6111,Coinbase,BTC-USDT
2022-12-15,1671062400,17805.52,17359.3,17852.81,17272.93,38880088.7275,Coinbase,BTC-USDT
2022-09-16,1663286400,1474.97,1433.56,1482.75,1405.0,17398336.6635,Coinbase,ETH-USDT
2022-09-17,1663372800,1433.24,1468.7,1476.01,1408.71,4782735.7764,Coinbase,ETH-USDT
2022-09-18,1663459200,1469.76,1333.73,1469.76,1325.73,8296019.0627,Coinbase,ETH-USDT
2022-09-19,1663545600,1333.0,1375.23,1392.83,1279.08,15760396.3448,Coinbase,ETH-USDT
2022-09-20,1663632000,1374.9,1322.93,1384.4,1312.36,21072108.9907,Coinbase,ETH-USDT
2022-09-21,1663718400,1323.47,1245.84,1417.94,1220.0,19551985.2111,Coinbase,ETH-USDT
2022-09-22,1663804800,1244.91,1326.31,1348.78,1237.92,25961362.7885,Coinbase,ETH-USDT
2022-09-23,1663891200,1326.87,1328.76,1359.86,1261.96,23560601.707,Coinbase,ETH-USDT
2022-09-24,1663977600,1328.87,1318.61,1349.1,1307.03,3597289.1306,Coinbase,ETH-USDT
2022-09-25,1664064000,1318.88,1295.06,1336.99,1268.73,5610110.042,Coinbase,ETH-USDT
2022-09-26,1664150400,1294.36,1336.68,1340.59,1277.88,24272489.0286,Coinbase,ETH-USDT
2022-09-27,1664236800,1336.63,1328.55,1400.34,1303.59,15017403.2609,Coinbase,ETH-USDT
2022-09-28,1664323200,1328.19,1337.08,1355.57,1254.06,15144796.2897,Coinbase,ETH-USDT
2022-09-29,1664409600,1338.09,1336.29,1351.81,1288.47,15329785.2496,Coinbase,ETH-USDT
2022-09-30,1664496000,1337.36,1328.5,1373.01,1314.57,12919146.1091,Coinbase,ETH-USDT
2022-10-01,1664582400,1328.5,1311.3,1334.13,1302.74,2175619.9438,Coinbase,ETH-USDT
2022-10-02,1664668800,1310.6,1276.47,1317.51,1268.73,4256076.5587,Coinbase,ETH-USDT
2022-10-03,1664755200,1276.64,1322.96,1330.0,1262.72,15992198.7432,Coinbase,ETH-USDT
2022-10-04,1664841600,1323.1,1361.69,1370.22,1318.92,14962334.2673,Coinbase,ETH-USDT
2022-10-05,1664928000,1360.6,1352.12,1364.62,1316.3,14989732.786,Coinbase,ETH-USDT
2022-10-06,1665014400,1351.59,1352.07,1383.98,1344.84,21876473.7412,Coinbase,ETH-USDT
2022-10-07,1665100800,1351.91,1330.75,1361.73,1317.44,13003641.4538,Coinbase,ETH-USDT
2022-10-08,1665187200,1330.92,1315.03,1337.22,1303.77,4799885.5975,Coinbase,ETH-USDT
2022-10-09,1665273600,1314.96,1322.96,1328.51,1307.48,5236449.3915,Coinbase,ETH-USDT
2022-10-10,1665360000,1323.08,1289.39,1338.45,1287.0,20438621.0336,Coinbase,ETH-USDT
2022-10-11,1665446400,1289.33,1279.91,1297.91,1266.01,38629464.2557,Coinbase,ETH-USDT
2022-10-12,1665532800,1279.83,1294.22,1306.69,1275.06,24783441.3112,Coinbase,ETH-USDT
2022-10-13,1665619200,1294.14,1286.98,1301.73,1192.24,56059720.5748,Coinbase,ETH-USDT
2022-10-14,1665705600,1286.68,1296.45,1343.03,1283.52,46920198.6981,Coinbase,ETH-USDT
2022-10-15,1665792000,1296.92,1274.55,1301.89,1263.56,10192179.619,Coinbase,ETH-USDT
2022-10-16,1665878400,1275.17,1305.54,1315.38,1275.17,14730335.8968,Coinbase,ETH-USDT
2022-10-17,1665964800,1305.17,1331.97,1338.56,1295.51,22496798.8008,Coinbase,ETH-USDT
2022-10-18,1666051200,1332.34,1310.6,1341.86,1286.63,24579559.514,Coinbase,ETH-USDT
2022-10-19,1666137600,1311.33,1285.13,1313.22,1279.94,14771651.5774,Coinbase,ETH-USDT
2022-10-20,1666224000,1284.89,1282.56,1310.88,1270.49,19473206.8183,Coinbase,ETH-USDT
2022-10-21,1666310400,1282.45,1300.51,1306.89,1252.44,16617926.4695,Coinbase,ETH-USDT
2022-10-22,1666396800,1300.45,1313.77,1320.59,1294.55,5994885.9079,Coinbase,ETH-USDT
2022-10-23,1666483200,1313.93,1364.06,1371.03,1299.46,12810636.759,Coinbase,ETH-USDT
2022-10-24,1666569600,1364.7,1343.7,1370.65,1324.1,24578484.7544,Coinbase,ETH-USDT
2022-10-25,1666656000,1343.78,1459.93,1525.51,1335.0,39192476.9557,Coinbase,ETH-USDT
2022-10-26,1666742400,1459.97,1566.37,1596.36,1457.75,55431277.4993,Coinbase,ETH-USDT
2022-10-27,1666828800,1565.81,1514.22,1577.97,1503.35,74438045.2268,Coinbase,ETH-USDT
2022-10-28,1666915200,1514.36,1554.15,1575.83,1480.0,41160818.6952,Coinbase,ETH-USDT
2022-10-29,1667001600,1554.11,1619.39,1663.0,1547.63,22510632.2964,Coinbase,ETH-USDT
2022-10-30,1667088000,1619.07,1590.73,1639.98,1576.03,18026568.8538,Coinbase,ETH-USDT
2022-10-31,1667174400,1590.74,1572.88,1635.46,1546.18,47400594.2287,Coinbase,ETH-USDT
2022-11-01,1667260800,1573.26,1578.76,1613.06,1563.39,49405390.7808,Coinbase,ETH-USDT
2022-11-02,1667347200,1578.91,1518.37,1621.94,1502.34,77985621.9198,Coinbase,ETH-USDT
2022-11-03,1667433600,1518.37,1531.29,1559.0,1515.39,47855532.3277,Coinbase,ETH-USDT
2022-11-04,1667520000,1530.83,1644.65,1676.9,1528.26,55790401.7207,Coinbase,ETH-USDT
2022-11-05,1667606400,1644.73,1626.93,1698.38,1621.31,21310172.3581,Coinbase,ETH-USDT
2022-11-06,1667692800,1626.28,1568.84,1638.77,1563.41,17547029.5099,Coinbase,ETH-USDT
2022-11-07,1667779200,1567.83,1568.3,1608.11,1545.7,41164777.7757,Coinbase,ETH-USDT
2022-11-08,1667865600,1568.26,1334.26,1580.0,1216.95,72440261.7173,Coinbase,ETH-USDT
2022-11-09,1667952000,1333.92,1103.12,1336.97,1073.2,80808592.7896,Coinbase,ETH-USDT
2022-11-10,1668038400,1102.96,1299.11,1350.11,1086.03,64501617.4633,Coinbase,ETH-USDT
2022-11-11,1668124800,1299.2,1287.81,1309.59,1200.5,54595575.1639,Coinbase,ETH-USDT
2022-11-12,1668211200,1290.14,1257.31,1292.11,1238.79,24710535.7939,Coinbase,ETH-USDT
2022-11-13,1668297600,1257.08,1221.34,1274.23,1200.99,24847728.9681,Coinbase,ETH-USDT
2022-11-14,1668384000,1221.34,1243.2,1291.07,1171.5,43646935.009,Coinbase,ETH-USDT
2022-11-15,1668470400,1243.5,1253.39,1291.29,1233.6,37029291.4359,Coinbase,ETH-USDT
2022-11-16,1668556800,1253.39,1216.23,1268.56,1186.68,33689863.682,Coinbase,ETH-USDT
2022-11-17,1668643200,1216.32,1200.33,1228.32,1181.67,30952776.4269,Coinbase,ETH-USDT
2022-11-18,1668729600,1200.33,1212.09,1233.69,1199.18,23878552.1974,Coinbase,ETH-USDT
2022-11-19,1668816000,1211.92,1217.19,1232.91,1197.66,12357975.3051,Coinbase,ETH-USDT
2022-11-20,1668902400,1217.39,1142.02,1226.81,1132.45,18731482.9263,Coinbase,ETH-USDT
2022-11-21,1668988800,1142.02,1107.19,1146.33,1079.37,64057547.8085,Coinbase,ETH-USDT
2022-11-22,1669075200,1107.33,1139.07,1142.81,1074.49,56850536.9578,Coinbase,ETH-USDT
2022-11-23,1669161600,1139.48,1184.67,1191.31,1127.76,55354287.9873,Coinbase,ETH-USDT
2022-11-24,1669248000,1184.67,1203.84,1217.2,1180.78,43578257.3476,Coinbase,ETH-USDT
2022-11-25,1669334400,1203.76,1199.26,1207.7,1171.21,45780458.9597,Coinbase,ETH-USDT
2022-11-26,1669420800,1199.37,1205.68,1235.87,1196.23,26303610.1245,Coinbase,ETH-USDT
2022-11-27,1669507200,1205.09,1193.99,1223.42,1188.87,18389647.8917,Coinbase,ETH-USDT
2022-11-28,1669593600,1193.84,1167.54,1199.4,1150.82,44069568.5497,Coinbase,ETH-USDT
2022-11-29,1669680000,1167.35,1216.63,1227.0,1158.18,48071528.2192,Coinbase,ETH-USDT
2022-11-30,1669766400,1216.32,1294.59,1310.0,1212.38,58158283.3408,Coinbase,ETH-USDT
2022-12-01,1669852800,1294.73,1276.41,1300.0,1262.73,41964384.0493,Coinbase,ETH-USDT
2022-12-02,1669939200,1276.41,1295.42,1297.48,1265.93,39963930.4969,Coinbase,ETH-USDT
2022-12-03,1670025600,1295.81,1240.44,1307.44,1236.65,21722840.8686,Coinbase,ETH-USDT
2022-12-04,1670112000,1240.58,1279.58,1286.95,1240.4,17487374.993,Coinbase,ETH-USDT
2022-12-05,1670198400,1279.58,1259.33,1305.34,1246.7,39687153.324,Coinbase,ETH-USDT
2022-12-06,1670284800,1259.37,1271.38,1274.66,1242.03,39204696.8105,Coinbase,ETH-USDT
2022-12-07,1670371200,1271.43,1231.43,1277.5,1218.56,33632622.0036,Coinbase,ETH-USDT
2022-12-08,1670457600,1231.54,1279.88,1292.45,1222.19,32927143.2363,Coinbase,ETH-USDT
2022-12-09,1670544000,1279.88,1262.96,1296.66,1255.75,42627318.29,Coinbase,ETH-USDT
2022-12-10,1670630400,1262.98,1266.51,1283.52,1259.76,10974693.457,Coinbase,ETH-USDT
2022-12-11,1670716800,1266.7,1263.14,1284.19,1256.0,15510678.4965,Coinbase,ETH-USDT
2022-12-12,1670803200,1262.71,1275.92,1278.85,1240.0,30129597.0039,Coinbase,ETH-USDT
2022-12-13,1670889600,1275.95,1320.62,1353.2,1255.39,61363800.4096,Coinbase,ETH-USDT
2022-12-14,1670976000,1320.6,1307.22,1353.28,1299.6,86716759.7547,Coinbase,ETH-USDT
2022-12-15,1671062400,1307.26,1266.49,1311.34,1258.74,83176974.5241,Coinbase,ETH-USDT
2022-09-16,1663286400,1474.85,1432.33,1483.57,1406.78,5474274.34,Kraken,ETH/USDT
2022-09-17,1663372800,1433.77,1469.96,1475.35,1410.5,2392301.7355,Kraken,ETH/USDT
2022-09-18,1663459200,1466.39,1334.98,1466.39,1325.89,3153457.471,Kraken,ETH/USDT
2022-09-19,1663545600,1334.78,1376.25,1394.0,1279.02,3467575.7086,Kraken,ETH/USDT
2022-09-20,1663632000,1375.85,1324.77,1383.96,1314.38,2857855.2202,Kraken,ETH/USDT
2022-09-21,1663718400,1322.0,1247.35,1402.97,1220.88,7971143.2302,Kraken,ETH/USDT
2022-09-22,1663804800,1246.02,1328.29,1346.92,1238.8,1682609.9574,Kraken,ETH/USDT
2022-09-23,1663891200,1331.15,1328.66,1358.1,1263.8,2473192.8376,Kraken,ETH/USDT
2022-09-24,1663977600,1328.33,1314.57,1348.94,1308.25,1026604.3568,Kraken,ETH/USDT
2022-09-25,1664064000,1318.52,1292.05,1335.94,1271.09,1313102.7287,Kraken,ETH/USDT
2022-09-26,1664150400,1296.72,1336.47,1339.07,1279.45,3675316.5776,Kraken,ETH/USDT
2022-09-27,1664236800,1335.47,1329.34,1398.87,1305.17,3474488.5597,Kraken,ETH/USDT
2022-09-28,1664323200,1328.18,1337.01,1354.19,1255.0,3581153.8036,Kraken,ETH/USDT
2022-09-29,1664409600,1339.0,1337.25,1350.66,1289.71,2684159.1322,Kraken,ETH/USDT
2022-09-30,1664496000,1336.41,1328.21,1372.19,1316.31,4583549.2574,Kraken,ETH/USDT
2022-10-01,1664582400,1328.91,1311.44,1332.69,1303.96,921665.1318,Kraken,ETH/USDT
2022-10-02,1664668800,1311.38,1274.4,1317.5,1269.89,1285894.5099,Kraken,ETH/USDT
2022-10-03,1664755200,1272.95,1326.73,1328.91,1261.25,1423561.4979,Kraken,ETH/USDT
2022-10-04,1664841600,1323.8,1364.79,1369.0,1318.87,3010181.6715,Kraken,ETH/USDT
2022-10-05,1664928000,1362.75,1352.37,1363.47,1315.33,2613467.7774,Kraken,ETH/USDT
2022-10-06,1665014400,1353.66,1351.08,1383.16,1348.04,2859731.9636,Kraken,ETH/USDT
2022-10-07,1665100800,1351.42,1332.3,1360.85,1318.57,1792537.6779,Kraken,ETH/USDT
2022-10-08,1665187200,1335.94,1314.95,1336.04,1304.8,1394289.1834,Kraken,ETH/USDT
2022-10-09,1665273600,1313.71,1318.24,1327.78,1308.77,613524.1148,Kraken,ETH/USDT
2022-10-10,1665360000,1322.75,1290.74,1336.18,1286.29,1026554.2645,Kraken,ETH/USDT
2022-10-11,1665446400,1289.61,1276.83,1296.95,1268.24,1461015.805,Kraken,ETH/USDT
2022-10-12,1665532800,1279.28,1294.64,1305.33,1275.97,2000035.0511,Kraken,ETH/USDT
2022-10-13,1665619200,1293.66,1288.99,1301.02,1184.0,6255142.6069,Kraken,ETH/USDT
2022-10-14,1665705600,1287.04,1298.29,1341.34,1284.6,2081557.7208,Kraken,ETH/USDT
2022-10-15,1665792000,1296.41,1272.88,1301.5,1264.47,1193293.03,Kraken,ETH/USDT
2022-10-16,1665878400,1277.39,1305.93,1314.97,1276.13,1354907.3902,Kraken,ETH/USDT
2022-10-17,1665964800,1302.77,1333.0,1337.55,1296.93,2632887.6176,Kraken,ETH/USDT
2022-10-18,1666051200,1331.58,1309.74,1340.74,1287.88,1738237.4746,Kraken,ETH/USDT
2022-10-19,1666137600,1312.31,1285.95,1313.14,1280.0,968477.2998,Kraken,ETH/USDT
2022-10-20,1666224000,1284.76,1281.7,1310.07,1271.5,2306127.7551,Kraken,ETH/USDT
2022-10-21,1666310400,1281.85,1299.19,1306.31,1253.05,2863308.5951,Kraken,ETH/USDT
2022-10-22,1666396800,1300.73,1313.36,1318.5,1295.31,1167770.9403,Kraken,ETH/USDT
2022-10-23,1666483200,1314.2,1364.82,1370.0,1300.15,2133792.5505,Kraken,ETH/USDT
2022-10-24,1666569600,1364.32,1345.28,1369.09,1325.0,1465303.0099,Kraken,ETH/USDT
2022-10-25,1666656000,1344.78,1459.31,1523.87,1335.97,3882654.0606,Kraken,ETH/USDT
2022-10-26,1666742400,1460.11,1563.94,1593.33,1460.11,3369559.3618,Kraken,ETH/USDT
2022-10-27,1666828800,1568.58,1512.5,1576.77,1504.08,3550491.6532,Kraken,ETH/USDT
2022-10-28,1666915200,1513.85,1556.61,1573.43,1476.01,4570655.7343,Kraken,ETH/USDT
2022-10-29,1667001600,1554.0,1619.59,1661.86,1549.61,2755082.0934,Kraken,ETH/USDT
2022-10-30,1667088000,1620.18,1592.3,1638.15,1577.07,1378846.5742,Kraken,ETH/USDT
2022-10-31,1667174400,1594.13,1574.06,1633.49,1546.95,1717033.7565,Kraken,ETH/USDT
2022-11-01,1667260800,1574.36,1579.04,1612.41,1565.42,1453405.8571,Kraken,ETH/USDT
2022-11-02,1667347200,1580.83,1519.89,1619.41,1503.63,3980413.2747,Kraken,ETH/USDT
2022-11-03,1667433600,1515.57,1528.31,1557.89,1515.57,3929674.3188,Kraken,ETH/USDT
2022-11-04,1667520000,1531.06,1643.61,1676.88,1529.72,3331237.019,Kraken,ETH/USDT
2022-11-05,1667606400,1645.68,1627.2,1664.92,1620.87,630055.829,Kraken,ETH/USDT
2022-11-06,1667692800,1627.19,1568.37,1637.39,1564.84,833014.8618,Kraken,ETH/USDT
2022-11-07,1667779200,1570.63,1567.97,1607.0,1547.68,3099197.7433,Kraken,ETH/USDT
2022-11-08,1667865600,1569.61,1332.52,1578.76,1223.11,21409925.0705,Kraken,ETH/USDT
2022-11-09,1667952000,1334.38,1101.3,1336.22,1074.28,15110781.4591,Kraken,ETH/USDT
2022-11-10,1668038400,1102.36,1299.16,1349.95,1087.17,9528836.4384,Kraken,ETH/USDT
2022-11-11,1668124800,1300.38,1289.65,1308.05,1200.52,4261649.939,Kraken,ETH/USDT
2022-11-12,1668211200,1288.92,1255.24,1290.45,1240.79,1179967.2057,Kraken,ETH/USDT
2022-11-13,1668297600,1255.52,1220.3,1272.54,1202.75,2775974.5572,Kraken,ETH/USDT
2022-11-14,1668384000,1223.98,1242.6,1290.0,1173.01,4103077.0408,Kraken,ETH/USDT
2022-11-15,1668470400,1240.99,1253.66,1291.05,1234.33,3257173.9591,Kraken,ETH/USDT
2022-11-16,1668556800,1250.69,1216.85,1266.81,1188.0,3688343.9676,Kraken,ETH/USDT
2022-11-17,1668643200,1217.5,1200.62,1227.0,1182.02,1707004.3975,Kraken,ETH/USDT
2022-11-18,1668729600,1199.68,1212.67,1232.55,1199.68,1350304.3828,Kraken,ETH/USDT
2022-11-19,1668816000,1212.49,1219.58,1232.0,1199.41,724605.9701,Kraken,ETH/USDT
2022-11-20,1668902400,1219.6,1142.75,1225.86,1133.62,2523784.5043,Kraken,ETH/USDT
2022-11-21,1668988800,1142.7,1107.52,1144.79,1081.27,7108868.9104,Kraken,ETH/USDT
2022-11-22,1669075200,1106.55,1136.54,1141.46,1075.59,3522896.3458,Kraken,ETH/USDT
2022-11-23,1669161600,1139.81,1183.91,1189.36,1129.19,3025631.458,Kraken,ETH/USDT
2022-11-24,1669248000,1185.12,1205.0,1250.0,1181.09,4782651.1916,Kraken,ETH/USDT
2022-11-25,1669334400,1204.01,1199.0,1206.4,1172.8,2016291.6141,Kraken,ETH/USDT
2022-11-26,1669420800,1197.58,1205.0,1234.79,1197.15,827764.1823,Kraken,ETH/USDT
2022-11-27,1669507200,1205.32,1193.08,1221.91,1189.87,873965.1172,Kraken,ETH/USDT
2022-11-28,1669593600,1192.18,1168.74,1300.0,1152.0,3764346.8574,Kraken,ETH/USDT
2022-11-29,1669680000,1167.34,1215.51,1225.94,1160.0,2257854.7865,Kraken,ETH/USDT
2022-11-30,1669766400,1216.71,1294.62,1309.07,1213.33,2088510.456,Kraken,ETH/USDT
2022-12-01,1669852800,1294.62,1274.41,1297.38,1250.43,2193842.7265,Kraken,ETH/USDT
2022-12-02,1669939200,1275.91,1291.66,1296.08,1266.6,1644102.1557,Kraken,ETH/USDT
2022-12-03,1670025600,1295.55,1241.8,1305.03,1237.23,2348218.5775,Kraken,ETH/USDT
2022-12-04,1670112000,1241.0,1280.2,1285.62,1241.0,830639.771,Kraken,ETH/USDT
2022-12-05,1670198400,1277.13,1258.49,1304.2,1247.65,2129443.7781,Kraken,ETH/USDT
2022-12-06,1670284800,1259.8,1273.3,1275.07,1242.73,1724728.8121,Kraken,ETH/USDT
2022-12-07,1670371200,1271.93,1231.26,1276.84,1219.79,2404202.8492,Kraken,ETH/USDT
2022-12-08,1670457600,1232.23,1281.2,1291.85,1220.0,2600886.098,Kraken,ETH/USDT
2022-12-09,1670544000,1280.43,1264.11,1295.8,1256.31,2297713.1968,Kraken,ETH/USDT
2022-12-10,1670630400,1262.64,1266.61,1281.65,1261.54,595679.3345,Kraken,ETH/USDT
2022-12-11,1670716800,1266.14,1263.64,1283.26,1256.32,2647441.7637,Kraken,ETH/USDT
2022-12-12,1670803200,1263.14,1274.43,1277.9,1241.25,2476771.354,Kraken,ETH/USDT
2022-12-13,1670889600,1275.74,1320.73,1345.92,1256.67,6030756.586,Kraken,ETH/USDT
2022-12-14,1670976000,1321.2,1308.64,1350.2,1300.48,2867617.6974,Kraken,ETH/USDT
2022-12-15,1671062400,1307.75,1266.3,1310.16,1259.88,2561175.5419,Kraken,ETH/USDT
2022-09-16,1663286400,19705.0,19788.2,19883.9,19205.8,5968006.058,Kraken,XBT/USDT
2022-09-17,1663372800,19800.6,20130.4,20206.6,19764.3,4082069.9153,Kraken,XBT/USDT
2022-09-18,1663459200,20069.8,19394.8,20092.2,19364.2,4225726.4947,Kraken,XBT/USDT
2022-09-19,1663545600,19451.3,19543.7,19667.4,18265.8,11745723.9138,Kraken,XBT/USDT
2022-09-20,1663632000,19532.1,18875.8,19620.0,18730.9,8365352.3255,Kraken,XBT/USDT
2022-09-21,1663718400,18875.1,18458.4,19883.9,18170.4,11214893.5913,Kraken,XBT/USDT
2022-09-22,1663804800,18460.5,19400.6,19506.3,18378.8,7092810.2378,Kraken,XBT/USDT
2022-09-23,1663891200,19428.3,19290.3,19475.5,18549.5,6126838.7461,Kraken,XBT/USDT
2022-09-24,1663977600,19299.3,18929.5,19299.3,18815.2,1877279.5797,Kraken,XBT/USDT
2022-09-25,1664064000,18940.1,18813.6,19160.8,18663.0,2843613.5817,Kraken,XBT/USDT
2022-09-26,1664150400,18788.8,19233.5,19299.0,18705.0,3719509.761,Kraken,XBT/USDT
2022-09-27,1664236800,19222.4,19109.3,20362.9,18834.4,7129288.2906,Kraken,XBT/USDT
2022-09-28,1664323200,19085.8,19404.4,19750.0,18495.3,7577108.4059,Kraken,XBT/USDT
2022-09-29,1664409600,19404.4,19602.5,19621.0,18863.6,7156754.0933,Kraken,XBT/USDT
2022-09-30,1664496000,19599.4,19415.2,20170.0,19180.0,8250743.7385,Kraken,XBT/USDT
2022-10-01,1664582400,19414.8,19309.8,19478.5,19180.0,3238974.967,Kraken,XBT/USDT
2022-10-02,1664668800,19304.1,19046.6,19379.2,18936.7,1988957.4049,Kraken,XBT/USDT
2022-10-03,1664755200,19050.0,19599.3,19697.0,18972.0,6376362.66,Kraken,XBT/USDT
2022-10-04,1664841600,19609.1,20334.8,20450.0,19504.4,8034397.3248,Kraken,XBT/USDT
2022-10-05,1664928000,20326.4,20157.9,20330.8,19750.0,5111884.3034,Kraken,XBT/USDT
2022-10-06,1665014400,20147.2,19958.5,20429.8,19888.1,7829669.335,Kraken,XBT/USDT
2022-10-07,1665100800,19960.0,19545.7,20053.2,19340.7,7846142.268,Kraken,XBT/USDT
2022-10-08,1665187200,19527.8,19417.7,19620.0,19263.4,2495576.6816,Kraken,XBT/USDT
2022-10-09,1665273600,19416.4,19439.8,19547.9,19331.0,2013484.5633,Kraken,XBT/USDT
2022-10-10,1665360000,19417.5,19131.5,19517.0,19042.0,6417359.478,Kraken,XBT/USDT
2022-10-11,1665446400,19102.0,19058.6,19253.7,18875.8,6229544.24,Kraken,XBT/USDT
2022-10-12,1665532800,19069.2,19152.8,19230.5,18980.1,4563722.9416,Kraken,XBT/USDT
2022-10-13,1665619200,19153.1,19383.1,19491.7,18154.3,13452367.4854,Kraken,XBT/USDT
2022-10-14,1665705600,19376.8,19184.9,19926.9,19081.0,5331607.9026,Kraken,XBT/USDT
2022-10-15,1665792000,19186.8,19066.3,19212.6,19000.1,1831216.9722,Kraken,XBT/USDT
2022-10-16,1665878400,19084.6,19264.3,19406.5,19084.6,2271492.9866,Kraken,XBT/USDT
2022-10-17,1665964800,19262.5,19549.7,19664.7,19167.2,8733939.1838,Kraken,XBT/USDT
2022-10-18,1666051200,19563.3,19328.4,19705.6,19106.6,7839342.9734,Kraken,XBT/USDT
2022-10-19,1666137600,19340.7,19105.0,19340.7,19083.1,3589121.3915,Kraken,XBT/USDT
2022-10-20,1666224000,19128.1,19048.4,19331.2,18905.9,5865687.3365,Kraken,XBT/USDT
2022-10-21,1666310400,19042.7,19164.1,19241.8,18666.7,8339449.5903,Kraken,XBT/USDT
2022-10-22,1666396800,19164.9,19205.2,19238.6,19125.0,2334051.0082,Kraken,XBT/USDT
2022-10-23,1666483200,19205.0,19568.2,19671.6,19100.0,3075671.1475,Kraken,XBT/USDT
2022-10-24,1666569600,19568.2,19335.5,19583.9,19170.9,5943445.4724,Kraken,XBT/USDT
2022-10-25,1666656000,19308.4,20080.0,20392.6,19252.2,8852920.7084,Kraken,XBT/USDT
2022-10-26,1666742400,20082.4,20763.6,20997.1,20066.8,8784814.9324,Kraken,XBT/USDT
2022-10-27,1666828800,20757.5,20290.9,20849.7,20219.9,5968464.1718,Kraken,XBT/USDT
2022-10-28,1666915200,20279.5,20591.8,20735.8,20004.5,6427273.1928,Kraken,XBT/USDT
2022-10-29,1667001600,20591.8,20810.5,21059.9,20574.7,2699300.8132,Kraken,XBT/USDT
2022-10-30,1667088000,20810.1,20618.0,20914.0,20526.7,2056441.5959,Kraken,XBT/USDT
2022-10-31,1667174400,20637.9,20496.4,20814.7,20251.3,7267785.0779,Kraken,XBT/USDT
2022-11-01,1667260800,20468.1,20490.0,20673.9,20355.0,6544756.8474,Kraken,XBT/USDT
2022-11-02,1667347200,20485.9,20147.5,20800.0,20067.0,7135605.6676,Kraken,XBT/USDT
2022-11-03,1667433600,20148.8,20209.3,20381.0,20062.1,7632329.1722,Kraken,XBT/USDT
2022-11-04,1667520000,20206.2,21143.6,21285.9,20189.3,9648997.9849,Kraken,XBT/USDT
2022-11-05,1667606400,21160.2,21305.0,21462.7,21102.0,2234584.8326,Kraken,XBT/USDT
2022-11-06,1667692800,21299.3,20907.6,21360.5,20904.1,2810197.6931,Kraken,XBT/USDT
2022-11-07,1667779200,20904.3,20589.8,21049.1,20405.0,5449065.349,Kraken,XBT/USDT
2022-11-08,1667865600,20580.0,18509.9,20664.3,17168.0,26103886.032,Kraken,XBT/USDT
2022-11-09,1667952000,18544.6,15905.6,18586.0,15564.1,29420195.6465,Kraken,XBT/USDT
2022-11-10,1668038400,15883.7,17607.9,18180.5,15782.1,16166765.0061,Kraken,XBT/USDT
2022-11-11,1668124800,17586.6,17066.1,17680.0,16385.1,9201129.7367,Kraken,XBT/USDT
2022-11-12,1668211200,17079.5,16801.9,17109.3,16646.1,1532644.3041,Kraken,XBT/USDT
2022-11-13,1668297600,16809.0,16330.3,16949.4,16255.0,5714775.9279,Kraken,XBT/USDT
2022-11-14,1668384000,16323.4,16618.8,17160.0,15825.4,7897386.6102,Kraken,XBT/USDT
2022-11-15,1668470400,16607.8,16901.9,17115.2,16551.5,9847993.5972,Kraken,XBT/USDT
2022-11-16,1668556800,16903.6,16675.4,16993.5,16389.7,6351417.8266,Kraken,XBT/USDT
2022-11-17,1668643200,16687.5,16700.8,16753.6,16426.1,4278568.2,Kraken,XBT/USDT
2022-11-18,1668729600,16715.3,16703.7,17001.0,16553.9,8266287.5133,Kraken,XBT/USDT
2022-11-19,1668816000,16707.9,16709.7,16810.4,16568.8,2799089.5241,Kraken,XBT/USDT
2022-11-20,1668902400,16708.3,16280.7,16742.1,16169.7,4080258.7557,Kraken,XBT/USDT
2022-11-21,1668988800,16263.0,15786.0,16307.5,15499.0,11495859.336,Kraken,XBT/USDT
2022-11-22,1669075200,15776.8,16216.6,16290.5,15615.6,8941094.3586,Kraken,XBT/USDT
2022-11-23,1669161600,16232.2,16617.1,16686.1,16169.9,6362608.4789,Kraken,XBT/USDT
2022-11-24,1669248000,16611.7,16622.8,16799.6,16472.2,5056461.9417,Kraken,XBT/USDT
2022-11-25,1669334400,16604.8,16534.9,16604.8,14886.0,6884580.8867,Kraken,XBT/USDT
2022-11-26,1669420800,16521.6,16456.9,16693.0,16386.5,1669814.9818,Kraken,XBT/USDT
2022-11-27,1669507200,16462.3,16429.3,16597.5,16412.4,1575242.9162,Kraken,XBT/USDT
2022-11-28,1669593600,16418.3,16216.0,16484.7,16017.5,6347725.2375,Kraken,XBT/USDT
2022-11-29,1669680000,16209.7,16432.6,16535.7,16119.9,5523174.8472,Kraken,XBT/USDT
2022-11-30,1669766400,16444.5,17172.0,17243.5,16434.9,7301908.8908,Kraken,XBT/USDT
2022-12-01,1669852800,17167.5,16971.5,18760.0,16863.6,6149115.2363,Kraken,XBT/USDT
2022-12-02,1669939200,16974.5,17083.8,17100.0,16800.0,5746380.8799,Kraken,XBT/USDT
2022-12-03,1670025600,17081.2,16892.5,17138.1,16868.8,1840208.9196,Kraken,XBT/USDT
2022-12-04,1670112000,16888.2,17118.7,17181.9,16883.3,2144259.2888,Kraken,XBT/USDT
2022-12-05,1670198400,17091.6,16965.7,17421.1,16872.7,8576498.2228,Kraken,XBT/USDT
2022-12-06,1670284800,16965.7,17088.9,17104.9,16918.9,7204582.9061,Kraken,XBT/USDT
2022-12-07,1670371200,17092.2,16833.1,17115.1,16676.1,10710182.7541,Kraken,XBT/USDT
2022-12-08,1670457600,16836.3,17229.1,17297.8,16753.4,6694986.684,Kraken,XBT/USDT
2022-12-09,1670544000,17229.0,17124.1,17495.0,17073.2,9985661.3505,Kraken,XBT/USDT
2022-12-10,1670630400,17127.6,17120.3,17218.2,17105.9,1268899.9588,Kraken,XBT/USDT
2022-12-11,1670716800,17126.3,17096.1,17256.4,17082.6,1929714.4157,Kraken,XBT/USDT
2022-12-12,1670803200,17082.1,17209.1,17239.6,16870.1,11292933.6048,Kraken,XBT/USDT
2022-12-13,1670889600,17214.6,17771.5,17995.0,17096.6,6787897.5333,Kraken,XBT/USDT
2022-12-14,1670976000,17778.3,17805.0,18365.0,17656.6,6869293.3351,Kraken,XBT/USDT
2022-12-15,1671062400,17810.5,17360.6,17842.9,17288.5,6524570.3344,Kraken,XBT/USDT
2022-09-16,1663286400,19699.5,19802.8,19890.3,19320.0,121515935.5241,OKX,BTC-USDT
2022-09-17,1663372800,19802.9,20114.5,20192.0,19752.0,129344446.9779,OKX,BTC-USDT
2022-09-18,1663459200,20114.5,19413.9,20115.4,19340.0,155252829.2882,OKX,BTC-USDT
2022-09-19,1663545600,19413.9,19534.6,19684.0,18235.2,406495336.2335,OKX,BTC-USDT
2022-09-20,1663632000,19535.4,18875.6,19632.3,18727.3,150209046.5636,OKX,BTC-USDT
2022-09-21,1663718400,18875.0,18462.0,19995.0,18144.5,475058689.8053,OKX,BTC-USDT
2022-09-22,1663804800,18461.1,19399.4,19526.8,18360.0,263569238.9457,OKX,BTC-USDT
2022-09-23,1663891200,19399.6,19289.1,19496.0,18533.4,181230300.0469,OKX,BTC-USDT
2022-09-24,1663977600,19289.1,18921.6,19308.4,18810.2,83711486.7017,OKX,BTC-USDT
2022-09-25,1664064000,18922.2,18809.2,19188.0,18635.0,88496952.3397,OKX,BTC-USDT
2022-09-26,1664150400,18809.2,19228.4,19318.9,18687.6,152090517.6471,OKX,BTC-USDT
2022-09-27,1664236800,19228.4,19080.0,20380.3,18820.0,326927191.1491,OKX,BTC-USDT
2022-09-28,1664323200,19080.1,19414.1,19777.0,18461.9,257574483.3737,OKX,BTC-USDT
2022-09-29,1664409600,19414.1,19589.4,19647.8,18842.4,197969618.8662,OKX,BTC-USDT
2022-09-30,1664496000,19589.6,19421.7,20176.8,19155.4,242778541.771,OKX,BTC-USDT
2022-10-01,1664582400,19422.6,19311.3,19481.6,19160.1,63564215.7748,OKX,BTC-USDT
2022-10-02,1664668800,19311.4,19055.1,19396.7,18920.0,79916727.0906,OKX,BTC-USDT
2022-10-03,1664755200,19055.2,19629.6,19725.0,18963.7,136442955.2601,OKX,BTC-USDT
2022-10-04,1664841600,19628.6,20335.1,20462.4,19492.9,352594951.5207,OKX,BTC-USDT
2022-10-05,1664928000,20336.6,20158.6,20361.3,19731.2,140243338.5762,OKX,BTC-USDT
2022-10-06,1665014400,20158.6,19961.1,20447.9,19855.7,194161744.8358,OKX,BTC-USDT
2022-10-07,1665100800,19962.1,19529.6,20052.8,19320.5,247087549.6357,OKX,BTC-USDT
2022-10-08,1665187200,19529.6,19413.2,19626.2,19215.9,66469619.8467,OKX,BTC-USDT
2022-10-09,1665273600,19413.3,19441.3,19558.9,19323.0,81653244.7267,OKX,BTC-USDT
2022-10-10,1665360000,19441.3,19129.1,19522.7,19020.0,119139693.3624,OKX,BTC-USDT
2022-10-11,1665446400,19130.1,19061.1,19263.9,18849.5,198606678.9383,OKX,BTC-USDT
2022-10-12,1665532800,19060.5,19155.2,19233.7,18957.1,87556867.3477,OKX,BTC-USDT
2022-10-13,1665619200,19155.2,19377.8,19507.0,18155.0,454814675.3451,OKX,BTC-USDT
2022-10-14,1665705600,19377.8,19178.8,19954.8,19075.8,184392556.0726,OKX,BTC-USDT
2022-10-15,1665792000,19178.8,19070.6,19227.4,18975.7,61372531.0326,OKX,BTC-USDT
2022-10-16,1665878400,19070.5,19263.4,19421.7,19065.7,78198001.2373,OKX,BTC-USDT
2022-10-17,1665964800,19263.4,19547.6,19675.2,19160.2,134737871.718,OKX,BTC-USDT
2022-10-18,1666051200,19547.7,19330.1,19709.2,19090.1,195411174.9887,OKX,BTC-USDT
2022-10-19,1666137600,19330.0,19126.9,19358.6,19069.1,74218722.6672,OKX,BTC-USDT
2022-10-20,1666224000,19126.6,19043.9,19346.2,18902.1,102647294.339,OKX,BTC-USDT
2022-10-21,1666310400,19043.9,19161.9,19250.0,18648.9,105418132.2062,OKX,BTC-USDT
2022-10-22,1666396800,19162.1,19202.7,19252.0,19115.0,31530768.3807,OKX,BTC-USDT
2022-10-23,1666483200,19202.8,19570.5,19691.9,19070.1,70634908.3461,OKX,BTC-USDT
2022-10-24,1666569600,19570.7,19332.3,19598.8,19161.0,111598885.8978,OKX,BTC-USDT
2022-10-25,1666656000,19331.4,20082.5,20412.3,19242.6,245505261.6179,OKX,BTC-USDT
2022-10-26,1666742400,20082.5,20770.8,21020.5,20053.2,332850537.5918,OKX,BTC-USDT
2022-10-27,1666828800,20769.2,20290.4,20870.3,20200.0,240002658.4478,OKX,BTC-USDT
2022-10-28,1666915200,20291.5,20592.5,20746.8,20000.0,227684405.0773,OKX,BTC-USDT
2022-10-29,1667001600,20592.5,20808.1,21080.0,20556.9,240058063.7234,OKX,BTC-USDT
2022-10-30,1667088000,20808.2,20626.7,20927.7,20509.7,122372282.1855,OKX,BTC-USDT
2022-10-31,1667174400,20627.0,20491.0,20846.0,20241.1,117317749.215,OKX,BTC-USDT
2022-11-01,1667260800,20491.1,20483.2,20694.6,20332.2,82379839.1415,OKX,BTC-USDT
2022-11-02,1667347200,20484.0,20151.9,20800.0,20056.5,182293075.174,OKX,BTC-USDT
2022-11-03,1667433600,20152.0,20206.3,20393.5,20032.2,86183686.1683,OKX,BTC-USDT
2022-11-04,1667520000,20206.2,21145.1,21300.0,20184.1,228800357.2778,OKX,BTC-USDT
2022-11-05,1667606400,21145.2,21300.5,21475.9,21084.2,84943038.6583,OKX,BTC-USDT
2022-11-06,1667692800,21300.4,20908.9,21362.6,20880.0,79905342.3587,OKX,BTC-USDT
2022-11-07,1667779200,20908.9,20587.3,21067.3,20385.9,118998980.6439,OKX,BTC-USDT
2022-11-08,1667865600,20587.6,18545.0,20690.8,16888.0,1174505214.9084,OKX,BTC-USDT
2022-11-09,1667952000,18545.1,15921.0,18585.7,15511.1,737979781.2285,OKX,BTC-USDT
2022-11-10,1668038400,15920.9,17601.1,18193.4,15753.5,498253395.5788,OKX,BTC-USDT
2022-11-11,1668124800,17601.6,17063.8,17696.4,16366.0,292280498.225,OKX,BTC-USDT
2022-11-12,1668211200,17070.0,16813.1,17120.5,16631.2,80760067.7259,OKX,BTC-USDT
2022-11-13,1668297600,16813.2,16336.5,16955.0,16241.4,85584646.6915,OKX,BTC-USDT
2022-11-14,1668384000,16333.8,16623.5,17198.7,15820.0,214961018.6589,OKX,BTC-USDT
2022-11-15,1668470400,16621.7,16896.8,17125.5,16533.0,167305264.4628,OKX,BTC-USDT
2022-11-16,1668556800,16895.6,16660.0,17000.0,16381.3,120559630.5505,OKX,BTC-USDT
2022-11-17,1668643200,16660.1,16692.4,16755.0,16420.0,68817928.0801,OKX,BTC-USDT
2022-11-18,1668729600,16692.5,16699.1,16988.8,16555.1,124388076.4724,OKX,BTC-USDT
2022-11-19,1668816000,16700.9,16707.7,16818.6,16557.5,43972252.7593,OKX,BTC-USDT
2022-11-20,1668902400,16702.8,16282.7,16750.0,16178.0,59602662.705,OKX,BTC-USDT
2022-11-21,1668988800,16282.1,15783.5,16331.5,15450.0,208760909.6576,OKX,BTC-USDT
2022-11-22,1669075200,15783.6,16227.1,16315.3,15624.2,131619654.3442,OKX,BTC-USDT
2022-11-23,1669161600,16227.5,16606.8,16720.4,16165.4,132571085.9568,OKX,BTC-USDT
2022-11-24,1669248000,16604.9,16602.8,16810.8,16463.7,89828782.2533,OKX,BTC-USDT
2022-11-25,1669334400,16602.8,16522.4,16630.3,16350.1,67769030.6464,OKX,BTC-USDT
2022-11-26,1669420800,16520.2,16458.4,16700.0,16382.9,59839253.368,OKX,BTC-USDT
2022-11-27,1669507200,16459.7,16427.4,16598.3,16400.0,40400968.1016,OKX,BTC-USDT
2022-11-28,1669593600,16429.8,16215.0,16484.3,16000.0,95072427.3126,OKX,BTC-USDT
2022-11-29,1669680000,16215.1,16442.8,16546.2,16101.4,90596449.5097,OKX,BTC-USDT
2022-11-30,1669766400,16442.8,17164.8,17255.0,16430.7,218777902.9317,OKX,BTC-USDT
2022-12-01,1669852800,17164.7,16980.1,17335.5,16865.2,109837631.028,OKX,BTC-USDT
2022-12-02,1669939200,16979.9,17091.3,17104.1,16776.8,129037183.6276,OKX,BTC-USDT
2022-12-03,1670025600,17091.4,16887.1,17169.2,16865.0,45105015.3449,OKX,BTC-USDT
2022-12-04,1670112000,16886.8,17109.0,17200.0,16883.2,114407396.1311,OKX,BTC-USDT
2022-12-05,1670198400,17109.0,16966.6,17420.1,16870.7,150651631.9883,OKX,BTC-USDT
2022-12-06,1670284800,16967.4,17087.9,17110.8,16910.2,88147934.9567,OKX,BTC-USDT
2022-12-07,1670371200,17089.0,16837.0,17141.4,16686.0,81646050.7409,OKX,BTC-USDT
2022-12-08,1670457600,16837.1,17226.0,17296.9,16733.3,85589956.051,OKX,BTC-USDT
2022-12-09,1670544000,17226.0,17127.2,17353.9,17063.8,72231844.458,OKX,BTC-USDT
2022-12-10,1670630400,17127.3,17127.9,17230.0,17092.0,32726430.2705,OKX,BTC-USDT
2022-12-11,1670716800,17128.0,17082.3,17269.3,17072.1,41025160.2647,OKX,BTC-USDT
2022-12-12,1670803200,17083.1,17207.1,17238.0,16870.6,76065481.8658,OKX,BTC-USDT
2022-12-13,1670889600,17207.9,17780.0,17999.0,17083.1,205127583.1804,OKX,BTC-USDT
2022-12-14,1670976000,17780.1,17806.8,18377.1,17661.0,286970550.5456,OKX,BTC-USDT
2022-12-15,1671062400,17806.8,17359.2,17851.7,17277.0,126135243.2202,OKX,BTC-USDT
2022-09-16,1663286400,1472.62,1434.2,1482.85,1405.22,257160068.841,OKX,ETH-USDT
2022-09-17,1663372800,1433.97,1468.53,1476.19,1409.14,130115038.8665,OKX,ETH-USDT
2022-09-18,1663459200,1468.53,1334.46,1469.82,1322.62,240871859.684,OKX,ETH-USDT
2022-09-19,1663545600,1334.46,1375.78,1393.24,1280.0,280585683.7636,OKX,ETH-USDT
2022-09-20,1663632000,1375.72,1323.02,1384.67,1312.63,189518424.3792,OKX,ETH-USDT
2022-09-21,1663718400,1323.02,1245.52,1413.51,1218.73,430160033.457,OKX,ETH-USDT
2022-09-22,1663804800,1245.51,1326.32,1348.88,1237.12,258763092.4897,OKX,ETH-USDT
2022-09-23,1663891200,1326.32,1327.0,1359.96,1261.6,242501915.439,OKX,ETH-USDT
2022-09-24,1663977600,1327.01,1317.02,1349.24,1306.61,119353210.477,OKX,ETH-USDT
2022-09-25,1664064000,1317.02,1294.77,1337.38,1268.97,101062842.1396,OKX,ETH-USDT
2022-09-26,1664150400,1294.61,1336.24,1340.33,1278.34,211829281.4348,OKX,ETH-USDT
2022-09-27,1664236800,1336.18,1328.14,1400.23,1303.58,230798243.9208,OKX,ETH-USDT
2022-09-28,1664323200,1328.1,1337.14,1355.67,1252.39,248385476.8351,OKX,ETH-USDT
2022-09-29,1664409600,1337.06,1335.57,1352.21,1288.21,163575061.6624,OKX,ETH-USDT
2022-09-30,1664496000,1335.58,1328.84,1373.66,1314.05,221113169.2353,OKX,ETH-USDT
2022-10-01,1664582400,1328.84,1311.82,1333.76,1302.93,69354758.9665,OKX,ETH-USDT
2022-10-02,1664668800,1311.82,1276.55,1317.8,1268.42,118533409.284,OKX,ETH-USDT
2022-10-03,1664755200,1276.7,1322.91,1329.71,1262.68,110157798.1775,OKX,ETH-USDT
2022-10-04,1664841600,1323.06,1361.36,1369.92,1318.67,132333616.0855,OKX,ETH-USDT
2022-10-05,1664928000,1361.37,1352.72,1364.84,1316.28,101457558.2533,OKX,ETH-USDT
2022-10-06,1665014400,1352.52,1352.1,1383.73,1345.0,147583340.9021,OKX,ETH-USDT
2022-10-07,1665100800,1352.11,1330.98,1361.48,1317.25,115943420.0446,OKX,ETH-USDT
2022-10-08,1665187200,1330.99,1315.41,1337.53,1303.63,54958001.9146,OKX,ETH-USDT
2022-10-09,1665273600,1315.45,1323.22,1329.37,1307.38,54976907.1224,OKX,ETH-USDT
2022-10-10,1665360000,1323.22,1289.92,1338.0,1287.0,100222257.8631,OKX,ETH-USDT
2022-10-11,1665446400,1289.92,1280.05,1298.0,1266.6,126310016.6996,OKX,ETH-USDT
2022-10-12,1665532800,1280.12,1294.6,1306.63,1275.05,69098929.098,OKX,ETH-USDT
2022-10-13,1665619200,1294.49,1286.89,1301.0,1184.36,297425128.8944,OKX,ETH-USDT
2022-10-14,1665705600,1286.92,1296.47,1343.17,1283.3,153162095.8028,OKX,ETH-USDT
2022-10-15,1665792000,1296.29,1274.99,1301.74,1263.44,66017111.62,OKX,ETH-USDT
2022-10-16,1665878400,1274.99,1305.89,1315.38,1274.62,54966544.896,OKX,ETH-USDT
2022-10-17,1665964800,1305.89,1331.52,1338.78,1295.36,100122820.4215,OKX,ETH-USDT
2022-10-18,1666051200,1331.52,1310.75,1341.89,1286.93,104822608.9871,OKX,ETH-USDT
2022-10-19,1666137600,1310.68,1285.2,1313.51,1280.0,79109413.6724,OKX,ETH-USDT
2022-10-20,1666224000,1285.2,1282.85,1311.0,1270.23,89686502.2794,OKX,ETH-USDT
2022-10-21,1666310400,1282.84,1299.63,1307.0,1252.06,102054737.8297,OKX,ETH-USDT
2022-10-22,1666396800,1299.64,1313.72,1320.0,1294.29,48630054.6356,OKX,ETH-USDT
2022-10-23,1666483200,1313.72,1364.09,1371.57,1299.85,105634558.4893,OKX,ETH-USDT
2022-10-24,1666569600,1364.1,1343.7,1370.61,1323.79,134379031.61,OKX,ETH-USDT
2022-10-25,1666656000,1343.67,1459.84,1546.0,1334.9,485593747.389,OKX,ETH-USDT
2022-10-26,1666742400,1459.84,1565.97,1595.23,1457.5,479714811.2298,OKX,ETH-USDT
2022-10-27,1666828800,1566.11,1514.0,1580.0,1502.76,384552465.2025,OKX,ETH-USDT
2022-10-28,1666915200,1513.99,1554.49,1576.38,1478.16,308472190.1651,OKX,ETH-USDT
2022-10-29,1667001600,1554.48,1619.68,1664.61,1547.61,399999817.7923,OKX,ETH-USDT
2022-10-30,1667088000,1619.75,1590.48,1639.99,1576.29,203245428.1014,OKX,ETH-USDT
2022-10-31,1667174400,1590.49,1572.89,1635.41,1545.34,325083522.4986,OKX,ETH-USDT
2022-11-01,1667260800,1572.89,1578.5,1614.45,1563.31,202418064.3099,OKX,ETH-USDT
2022-11-02,1667347200,1578.5,1518.56,1621.0,1502.22,392249216.4999,OKX,ETH-USDT
2022-11-03,1667433600,1518.55,1531.0,1558.69,1515.18,191091805.5711,OKX,ETH-USDT
2022-11-04,1667520000,1531.01,1644.79,1678.0,1528.46,344151724.2403,OKX,ETH-USDT
2022-11-05,1667606400,1644.8,1626.92,1667.0,1621.54,113308424.5522,OKX,ETH-USDT
2022-11-06,1667692800,1627.05,1568.3,1639.03,1562.35,131490809.9,OKX,ETH-USDT
2022-11-07,1667779200,1568.3,1567.9,1608.44,1546.3,173048821.1724,OKX,ETH-USDT
2022-11-08,1667865600,1568.06,1334.38,1579.13,1206.0,1002357555.9773,OKX,ETH-USDT
2022-11-09,1667952000,1334.35,1102.8,1337.16,1071.9,650228117.7918,OKX,ETH-USDT
2022-11-10,1668038400,1102.79,1299.31,1350.0,1085.79,559796909.0343,OKX,ETH-USDT
2022-11-11,1668124800,1299.31,1288.51,1309.99,1201.0,383727618.5129,OKX,ETH-USDT
2022-11-12,1668211200,1288.68,1257.54,1292.18,1238.74,165223868.4247,OKX,ETH-USDT
2022-11-13,1668297600,1257.54,1221.91,1274.39,1200.0,146169694.4959,OKX,ETH-USDT
2022-11-14,1668384000,1221.78,1243.5,1290.73,1171.16,280044988.0358,OKX,ETH-USDT
2022-11-15,1668470400,1243.49,1253.49,1289.99,1234.17,193173432.8129,OKX,ETH-USDT
2022-11-16,1668556800,1253.44,1216.5,1268.55,1186.62,174565057.8208,OKX,ETH-USDT
2022-11-17,1668643200,1216.56,1200.72,1228.91,1181.81,135058653.6367,OKX,ETH-USDT
2022-11-18,1668729600,1200.73,1212.68,1234.23,1199.07,104517976.7665,OKX,ETH-USDT
2022-11-19,1668816000,1212.69,1217.75,1233.59,1198.0,56862121.8954,OKX,ETH-USDT
2022-11-20,1668902400,1217.75,1142.64,1226.46,1132.87,187974999.0194,OKX,ETH-USDT
2022-11-21,1668988800,1142.55,1107.3,1147.63,1080.0,247647199.0519,OKX,ETH-USDT
2022-11-22,1669075200,1107.91,1139.33,1142.45,1073.35,154545805.8641,OKX,ETH-USDT
2022-11-23,1669161600,1139.68,1184.43,1190.1,1127.56,174537300.2371,OKX,ETH-USDT
2022-11-24,1669248000,1184.44,1203.89,1217.12,1180.25,122056795.9293,OKX,ETH-USDT
2022-11-25,1669334400,1203.89,1198.98,1209.26,1170.0,104468038.0221,OKX,ETH-USDT
2022-11-26,1669420800,1198.98,1205.78,1235.0,1196.1,96265555.2667,OKX,ETH-USDT
2022-11-27,1669507200,1205.73,1194.22,1223.21,1188.27,75597062.8487,OKX,ETH-USDT
2022-11-28,1669593600,1193.87,1168.03,1199.46,1151.08,115050728.0826,OKX,ETH-USDT
2022-11-29,1669680000,1168.04,1216.62,1228.0,1158.0,139406707.4647,OKX,ETH-USDT
2022-11-30,1669766400,1216.63,1294.83,1315.0,1212.33,206850126.1778,OKX,ETH-USDT
2022-12-01,1669852800,1294.85,1276.51,1300.0,1263.03,120177918.7891,OKX,ETH-USDT
2022-12-02,1669939200,1276.47,1295.3,1297.41,1265.4,104437970.6654,OKX,ETH-USDT
2022-12-03,1670025600,1295.3,1240.51,1312.4,1236.19,103922424.6174,OKX,ETH-USDT
2022-12-04,1670112000,1240.78,1279.49,1287.0,1240.41,84866125.9979,OKX,ETH-USDT
2022-12-05,1670198400,1279.52,1259.64,1305.45,1246.9,142885876.7602,OKX,ETH-USDT
2022-12-06,1670284800,1259.68,1271.44,1274.86,1241.31,75585333.8782,OKX,ETH-USDT
2022-12-07,1670371200,1271.41,1231.28,1278.44,1217.35,141229041.5894,OKX,ETH-USDT
2022-12-08,1670457600,1231.21,1280.31,1294.0,1222.09,143223593.7403,OKX,ETH-USDT
2022-12-09,1670544000,1280.31,1263.01,1298.0,1255.79,119924427.991,OKX,ETH-USDT
2022-12-10,1670630400,1262.95,1266.69,1283.92,1259.35,46136743.8986,OKX,ETH-USDT
2022-12-11,1670716800,1266.7,1263.37,1284.98,1255.72,47540855.5486,OKX,ETH-USDT
2022-12-12,1670803200,1263.28,1275.47,1279.0,1240.2,94637382.6791,OKX,ETH-USDT
2022-12-13,1670889600,1275.47,1321.16,1356.0,1254.97,255090103.1324,OKX,ETH-USDT
2022-12-14,1670976000,1321.17,1308.24,1353.33,1301.0,201512924.315,OKX,ETH-USDT
2022-12-15,1671062400,1308.12,1266.88,1311.67,1259.57,162078973.0246,OKX,ETH-USDT
